Data;Hora (UTC);Temp. Ins. (C);Temp. Max. (C);Temp. Min. (C);Umi. Ins. (%);Umi. Max. (%);Umi. Min. (%);Pto Orvalho Ins. (C);Pto Orvalho Max. (C);Pto Orvalho Min. (C);Pressao Ins. (hPa);Pressao Max. (hPa);Pressao Min. (hPa);Vel. Vento (m/s);Dir. Vento (m/s);Raj. Vento (m/s);Radiacao (KJ/mÂ²);Chuva (mm);
16/07/2021;0100;16,4;17,7;15,8;67,0;71,0;63,0;10,3;10,9;10,2;889,6;889,7;889,4;1,0;115,0;3,1;;0,0;
16/07/2021;0200;17,1;17,1;15,4;64,0;72,0;64,0;10,2;10,8;10,0;889,5;889,6;889,5;1,7;142,0;2,6;;0,0;
16/07/2021;0300;18,3;18,4;17,1;58,0;64,0;58,0;10,0;10,2;9,6;889,2;889,5;889,2;2,7;111,0;4,3;;0,0;
16/07/2021;0400;17,4;18,3;17,4;62,0;62,0;58,0;10,1;10,3;10,0;888,9;889,2;888,9;1,5;119,0;4,0;;0,0;
16/07/2021;0500;13,2;17,4;13,1;84,0;84,0;62,0;10,5;10,5;9,7;888,5;888,9;888,5;0,5;71,0;2,7;;0,0;
16/07/2021;0600;13,4;13,4;12,6;82,0;85,0;81,0;10,4;10,5;9,7;888,3;888,5;888,3;0,4;292,0;1,7;;0,0;
16/07/2021;0700;12,9;13,5;12,8;82,0;83,0;81,0;9,9;10,4;9,7;888,1;888,3;888,0;0,5;220,0;0,8;;0,0;
16/07/2021;0800;12,1;13,4;12,0;86,0;86,0;80,0;9,8;10,4;9,4;888,2;888,2;888,0;1,0;138,0;2,2;;0,0;
16/07/2021;0900;11,8;12,3;11,7;87,0;88,0;85,0;9,7;10,1;9,5;888,4;888,4;888,2;0,3;274,0;1,3;;0,0;
16/07/2021;1000;12,2;12,7;11,8;86,0;88,0;83,0;10,0;10,2;9,6;888,6;888,6;888,4;0,4;260,0;0,7;9,12;0,0;
16/07/2021;1100;19,5;19,5;12,2;55,0;86,0;55,0;10,2;12,3;10,0;889,2;889,2;888,6;1,0;88,0;2,3;449,27;0,0;
16/07/2021;1200;21,1;21,3;19,4;48,0;56,0;48,0;9,8;10,5;9,5;890,0;890,0;889,2;2,7;63,0;4,8;1254,44;0,0;
16/07/2021;1300;22,9;23,4;21,1;43,0;48,0;42,0;9,7;10,1;9,1;890,2;890,3;890,0;2,7;67,0;5,6;1963,13;0,0;
16/07/2021;1400;24,1;24,3;22,8;39,0;44,0;39,0;9,4;9,9;9,0;889,8;890,2;889,8;3,0;85,0;6,0;2495,32;0,0;
16/07/2021;1500;25,3;25,7;23,9;37,0;40,0;36,0;9,5;10,2;9,0;888,9;889,8;888,9;1,9;64,0;6,0;2782,42;0,0;
16/07/2021;1600;26,6;26,7;25,1;32,0;38,0;32,0;8,6;10,2;8,6;888,0;888,9;888,0;2,7;354,0;6,2;2720,41;0,0;
16/07/2021;1700;26,8;27,4;25,8;31,0;33,0;31,0;8,3;9,3;7,8;887,3;888,0;887,3;2,7;355,0;6,2;2690,23;0,0;
16/07/2021;1800;26,7;27,2;26,4;32,0;32,0;30,0;8,5;8,8;7,7;886,6;887,3;886,6;2,2;335,0;6,8;2286,66;0,0;
16/07/2021;1900;26,9;27,5;26,6;30,0;32,0;30,0;8,1;8,9;7,8;886,4;886,6;886,4;2,4;359,0;5,2;1692,22;0,0;
16/07/2021;2000;26,5;27,3;26,5;31,0;32,0;28,0;7,8;8,8;7,0;886,7;886,7;886,4;1,7;303,0;4,9;970,35;0,0;
16/07/2021;2100;23,3;26,6;23,3;41,0;41,0;31,0;9,3;9,4;7,9;887,1;887,1;886,7;2,0;332,0;4,3;218,71;0,0;
16/07/2021;2200;21,1;23,4;21,0;49,0;49,0;41,0;9,8;9,8;9,3;887,4;887,4;887,1;1,8;339,0;3,5;;0,0;
16/07/2021;2300;18,7;21,1;18,4;57,0;58,0;49,0;9,9;10,3;9,6;887,9;887,9;887,4;1,4;307,0;2,7;;0,0;
17/07/2021;0000;18,6;19,7;17,8;57,0;61,0;54,0;10,0;10,2;9,6;888,4;888,4;887,9;1,0;94,0;3,0;;0,0;
17/07/2021;0100;16,9;18,9;16,9;63,0;63,0;56,0;9,8;10,0;9,6;888,5;888,6;888,3;1,2;2,0;2,4;;0,0;
17/07/2021;0200;16,1;16,9;16,0;68,0;68,0;63,0;10,2;10,2;9,7;888,5;888,6;888,5;0,9;15,0;1,7;;0,0;
17/07/2021;0300;15,5;16,2;15,5;70,0;71,0;68,0;10,1;10,4;10,0;888,2;888,5;888,1;1,0;354,0;1,8;;0,0;
17/07/2021;0400;14,9;15,6;14,9;73,0;74,0;70,0;10,1;10,4;10,0;887,8;888,2;887,8;0,9;14,0;1,5;;0,0;
17/07/2021;0500;14,3;15,5;14,0;78,0;78,0;71,0;10,4;10,5;10,0;888,0;888,0;887,7;1,0;278,0;1,6;;0,0;
17/07/2021;0600;14,1;15,1;14,1;75,0;78,0;72,0;9,7;10,4;9,7;888,0;888,0;887,8;0,9;298,0;1,4;;0,0;
17/07/2021;0700;14,4;14,4;13,6;74,0;78,0;74,0;9,8;10,0;9,5;888,1;888,1;888,0;0,9;306,0;1,7;;0,0;
17/07/2021;0800;15,0;15,0;13,6;72,0;77,0;72,0;10,1;10,2;9,5;888,4;888,4;888,0;0,4;134,0;1,3;;0,0;
17/07/2021;0900;13,8;15,3;13,6;78,0;79,0;70,0;10,1;10,3;9,6;888,8;888,8;888,4;0,9;111,0;1,6;;0,0;
17/07/2021;1000;13,9;14,4;12,7;78,0;85,0;78,0;10,2;10,7;9,8;889,3;889,3;888,8;0,8;116,0;2,0;9,35;0,0;
17/07/2021;1100;18,9;18,9;13,8;66,0;80,0;65,0;12,3;12,3;10,1;889,9;889,9;889,3;0,8;49,0;1,5;323,86;0,0;
17/07/2021;1200;22,6;22,9;18,9;44,0;65,0;43,0;9,8;11,8;9,3;890,5;890,5;889,9;1,3;29,0;2,6;1159,74;0,0;
17/07/2021;1300;24,2;24,5;22,4;40,0;44,0;38,0;9,5;9,9;8,9;890,5;890,6;890,5;1,8;4,0;3,9;1946,68;0,0;
17/07/2021;1400;25,4;25,7;24,1;38,0;40,0;36,0;10,0;10,0;8,6;890,2;890,5;890,2;1,7;9,0;5,0;2486,66;0,0;
17/07/2021;1500;25,8;26,8;24,5;33,0;39,0;33,0;8,4;10,4;8,1;889,6;890,3;889,6;1,5;353,0;4,9;2144,32;0,0;
17/07/2021;1600;27,2;27,3;25,3;33,0;38,0;32,0;9,4;10,1;8,4;889,0;889,7;889,0;1,6;316,0;5,1;1995,13;0,0;
17/07/2021;1700;27,4;27,6;26,2;29,0;33,0;29,0;7,9;9,4;7,2;888,0;889,0;888,0;2,0;279,0;4,2;2219,44;0,0;
17/07/2021;1800;26,8;28,3;25,9;30,0;33,0;27,0;8,0;8,7;7,0;887,7;888,0;887,7;1,4;164,0;6,5;1516,18;0,0;
17/07/2021;1900;27,3;28,5;26,8;27,0;31,0;27,0;6,7;8,9;6,7;887,6;887,7;887,6;2,2;241,0;4,9;1669,10;0,0;
17/07/2021;2000;26,0;28,2;26,0;30,0;34,0;26,0;7,3;9,0;6,0;888,0;888,0;887,6;1,9;285,0;5,3;829,92;0,0;
17/07/2021;2100;24,1;26,6;24,0;38,0;38,0;30,0;8,7;9,4;7,1;888,5;888,5;888,0;1,7;218,0;3,7;197,46;0,0;
17/07/2021;2200;20,7;24,2;20,7;50,0;50,0;37,0;10,1;10,5;8,6;889,1;889,1;888,5;0,9;252,0;3,3;;0,0;
17/07/2021;2300;19,4;20,7;19,4;57,0;57,0;51,0;10,6;11,0;10,2;889,5;889,5;889,1;1,0;277,0;2,1;;0,0;
18/07/2021;0000;19,1;19,5;18,9;59,0;60,0;57,0;10,9;11,0;10,6;889,9;889,9;889,5;1,1;249,0;2,8;;0,0;
18/07/2021;0100;19,3;19,5;19,0;60,0;61,0;58,0;11,3;11,3;10,8;890,3;890,3;889,9;0,4;197,0;2,3;;0,0;
18/07/2021;0200;19,4;20,0;18,6;59,0;65,0;58,0;11,3;11,9;10,8;890,4;890,5;890,3;1,3;136,0;1,7;;0,0;
18/07/2021;0300;17,2;19,7;17,2;66,0;66,0;58,0;10,8;11,2;10,7;890,1;890,4;890,1;1,3;197,0;2,0;;0,0;
18/07/2021;0400;17,2;18,7;16,9;64,0;67,0;59,0;10,3;10,9;10,0;890,0;890,1;890,0;1,2;179,0;2,8;;0,0;
18/07/2021;0500;17,6;18,3;16,9;59,0;64,0;58,0;9,5;10,5;9,5;889,6;890,0;889,6;1,4;205,0;3,2;;0,0;
18/07/2021;0600;15,8;17,8;15,7;67,0;67,0;58,0;9,6;9,7;9,1;889,4;889,6;889,4;1,2;169,0;2,9;;0,0;
18/07/2021;0700;16,5;17,4;15,4;62,0;67,0;58,0;9,2;9,6;9,0;889,3;889,5;889,3;1,4;138,0;2,8;;0,0;
18/07/2021;0800;15,9;16,6;15,6;66,0;69,0;62,0;9,5;9,9;9,2;889,6;889,6;889,3;0,8;150,0;2,0;;0,0;
18/07/2021;0900;16,0;16,6;15,6;65,0;69,0;62,0;9,3;10,1;9,2;889,9;889,9;889,6;0,8;105,0;1,9;;0,0;
18/07/2021;1000;14,8;16,0;14,7;70,0;73,0;65,0;9,4;9,9;9,2;890,5;890,5;889,9;0,7;160,0;1,5;9,18;0,0;
18/07/2021;1100;20,5;20,5;14,7;47,0;71,0;46,0;8,8;11,9;8,6;891,3;891,3;890,5;1,5;150,0;2,4;447,24;0,0;
18/07/2021;1200;21,9;22,1;20,5;43,0;48,0;42,0;8,7;9,1;8,1;891,9;891,9;891,3;2,0;174,0;4,0;1216,04;0,0;
18/07/2021;1300;23,5;24,0;21,9;40,0;43,0;39,0;9,1;9,8;8,5;891,9;891,9;891,8;2,4;179,0;4,8;1916,59;0,0;
18/07/2021;1400;25,7;26,0;23,5;32,0;41,0;31,0;7,6;9,9;7,6;891,6;891,9;891,6;2,4;139,0;5,3;2449,47;0,0;
18/07/2021;1500;26,4;26,8;25,3;31,0;32,0;30,0;7,8;8,4;7,1;890,9;891,6;890,9;2,4;153,0;5,5;2759,88;0,0;
18/07/2021;1600;27,1;27,9;26,1;28,0;31,0;28,0;7,0;8,5;6,9;890,0;890,9;890,0;2,2;92,0;6,3;2888,28;0,0;
18/07/2021;1700;26,9;28,3;25,8;29,0;30,0;26,0;7,2;7,9;6,4;889,1;890,0;889,1;2,3;125,0;6,0;2123,59;0,0;
18/07/2021;1800;27,7;28,4;26,6;26,0;30,0;25,0;6,6;7,8;6,3;888,5;889,1;888,4;2,4;111,0;5,4;2028,08;0,0;
18/07/2021;1900;27,9;28,2;26,5;27,0;29,0;26,0;7,1;7,3;6,0;888,3;888,5;888,2;2,1;50,0;5,4;1597,45;0,0;
18/07/2021;2000;26,9;28,0;26,9;27,0;28,0;25,0;6,5;7,0;6,2;888,4;888,5;888,3;1,6;102,0;4,5;1042,83;0,0;
18/07/2021;2100;22,8;26,9;22,8;40,0;41,0;27,0;8,4;9,0;6,2;888,8;888,8;888,4;1,0;176,0;3,0;186,52;0,0;
18/07/2021;2200;20,6;23,0;20,3;48,0;49,0;38,0;9,4;9,4;7,8;889,3;889,3;888,8;1,1;180,0;3,4;;0,0;
18/07/2021;2300;20,5;21,5;20,0;47,0;49,0;44,0;8,7;9,4;8,3;889,8;889,8;889,3;1,2;171,0;3,8;;0,0;
19/07/2021;0000;21,5;21,5;19,6;42,0;50,0;42,0;8,1;9,0;8,0;890,2;890,2;889,8;1,3;181,0;2,8;;0,0;
19/07/2021;0100;20,7;21,7;20,7;44,0;45,0;41,0;8,1;8,5;7,8;890,6;890,6;890,2;1,7;141,0;3,5;;0,0;
19/07/2021;0200;20,3;21,1;20,3;49,0;49,0;44,0;9,3;9,4;8,2;890,7;890,8;890,6;2,1;177,0;5,8;;0,0;
19/07/2021;0300;19,2;20,4;19,2;60,0;60,0;49,0;11,3;11,3;9,3;890,7;890,8;890,7;2,7;190,0;7,3;;0,0;
19/07/2021;0400;18,3;19,2;18,3;68,0;68,0;60,0;12,3;12,3;11,3;890,4;890,7;890,4;3,1;187,0;7,1;;0,0;
19/07/2021;0500;17,4;18,3;17,4;73,0;73,0;68,0;12,6;12,6;12,3;889,8;890,4;889,8;3,2;184,0;7,1;;0,0;
19/07/2021;0600;16,6;17,5;16,6;77,0;77,0;73,0;12,5;12,6;12,5;889,6;889,8;889,6;3,7;186,0;6,7;;0,0;
19/07/2021;0700;15,9;16,6;15,9;80,0;80,0;77,0;12,4;12,6;12,4;889,2;889,6;889,2;3,4;181,0;7,5;;0,0;
19/07/2021;0800;15,4;15,9;15,4;76,0;80,0;76,0;11,3;12,4;11,3;889,5;889,6;889,2;2,9;176,0;7,3;;0,0;
19/07/2021;0900;14,7;15,4;14,6;76,0;77,0;74,0;10,4;11,3;10,4;890,0;890,0;889,5;2,5;181,0;6,6;;0,0;
19/07/2021;1000;14,4;14,7;14,3;76,0;77,0;76,0;10,3;10,5;10,3;890,6;890,6;890,0;1,9;171,0;5,9;7,79;0,0;
19/07/2021;1100;15,7;15,8;14,3;67,0;77,0;67,0;9,7;10,4;9,6;891,4;891,4;890,6;2,5;173,0;4,7;443,04;0,0;
19/07/2021;1200;17,4;17,4;15,6;59,0;68,0;58,0;9,4;9,7;8,7;892,0;892,0;891,4;3,6;155,0;6,8;1229,80;0,0;
19/07/2021;1300;19,1;19,7;17,3;48,0;59,0;48,0;7,9;9,1;7,7;892,1;892,3;892,0;3,0;167,0;6,8;1937,02;0,0;
19/07/2021;1400;21,4;21,8;19,0;45,0;49,0;44,0;8,9;9,4;7,8;891,8;892,2;891,8;3,1;153,0;6,4;2469,81;0,0;
19/07/2021;1500;23,3;23,8;21,4;41,0;45,0;40,0;9,3;9,9;8,8;891,1;891,9;891,1;2,6;175,0;6,4;2759,29;0,0;
19/07/2021;1600;24,6;25,2;23,1;38,0;42,0;36,0;9,2;10,0;8,7;890,0;891,1;890,0;2,9;115,0;5,4;2822,78;0,0;
19/07/2021;1700;26,1;26,7;24,6;32,0;38,0;32,0;8,1;9,6;7,9;889,0;890,0;889,0;1,9;103,0;5,1;2656,99;0,0;
19/07/2021;1800;25,5;26,7;25,4;33,0;34,0;31,0;8,0;9,0;7,8;888,4;889,0;888,4;1,9;153,0;4,9;2119,26;0,0;
19/07/2021;1900;25,7;26,9;25,1;33,0;35,0;31,0;8,0;9,4;7,7;888,3;888,5;888,1;2,9;144,0;5,3;1499,93;0,0;
19/07/2021;2000;24,7;26,0;24,7;35,0;36,0;33,0;8,3;9,1;8,1;888,6;888,6;888,2;2,9;180,0;6,3;795,85;0,0;
19/07/2021;2100;22,5;24,7;22,3;36,0;37,0;35,0;6,6;8,5;6,6;889,4;889,4;888,6;2,8;173,0;7,0;199,49;0,0;
19/07/2021;2200;20,8;22,5;20,8;38,0;38,0;36,0;5,8;6,7;5,7;889,6;889,6;889,3;2,3;180,0;5,6;;0,0;
19/07/2021;2300;19,3;20,8;19,2;41,0;41,0;38,0;5,7;5,9;5,4;890,0;890,0;889,5;1,9;177,0;4,6;;0,0;
20/07/2021;0000;18,6;19,4;18,5;37,0;41,0;37,0;3,7;5,7;3,7;890,8;890,8;890,0;2,6;177,0;5,7;;0,0;
20/07/2021;0100;17,9;18,6;17,8;29,0;38,0;29,0;-0,4;3,8;-0,5;891,2;891,2;890,8;2,6;173,0;6,8;;0,0;
20/07/2021;0200;16,7;17,9;16,7;29,0;30,0;28,0;-1,5;-0,3;-1,6;891,1;891,3;891,1;2,6;178,0;6,2;;0,0;
20/07/2021;0300;15,5;16,9;15,5;30,0;30,0;28,0;-2,1;-1,5;-2,1;891,0;891,1;890,9;1,7;172,0;5,6;;0,0;
20/07/2021;0400;15,5;16,2;15,3;28,0;31,0;26,0;-3,2;-1,9;-3,4;890,8;891,1;890,8;2,2;177,0;5,6;;0,0;
20/07/2021;0500;14,2;15,6;14,2;31,0;31,0;27,0;-2,6;-2,6;-3,4;890,1;890,8;890,1;1,6;167,0;5,5;;0,0;
20/07/2021;0600;12,7;14,2;12,6;34,0;37,0;31,0;-2,6;-1,8;-2,9;889,7;890,1;889,7;1,6;151,0;3,1;;0,0;
20/07/2021;0700;10,1;13,2;10,1;46,0;46,0;32,0;-1,1;-0,9;-3,3;889,3;889,7;889,3;0,7;128,0;3,2;;0,0;
20/07/2021;0800;8,9;10,1;8,9;50,0;53,0;45,0;-1,1;-0,1;-1,3;889,4;889,5;889,3;0,6;192,0;1,8;;0,0;
20/07/2021;0900;10,4;10,4;8,9;42,0;52,0;40,0;-2,0;-0,6;-2,5;889,6;889,6;889,4;1,3;144,0;2,0;;0,0;
20/07/2021;1000;10,4;11,3;9,8;42,0;44,0;36,0;-2,2;-1,5;-3,5;890,1;890,1;889,5;1,7;138,0;2,7;9,89;0,0;
20/07/2021;1100;16,2;16,3;10,2;20,0;47,0;20,0;-6,6;1,0;-6,6;890,8;890,8;890,1;1,6;151,0;3,2;471,21;0,0;
20/07/2021;1200;18,5;18,6;16,2;21,0;23,0;19,0;-4,0;-3,6;-6,8;891,4;891,4;890,8;1,7;136,0;3,8;1284,44;0,0;
20/07/2021;1300;20,8;20,9;18,5;22,0;23,0;19,0;-1,4;-1,4;-4,4;891,8;891,8;891,4;3,3;121,0;5,0;2005,81;0,0;
20/07/2021;1400;22,1;22,1;20,6;20,0;24,0;19,0;-2,2;-0,5;-4,0;891,4;891,8;891,4;3,4;131,0;7,3;2535,01;0,0;
20/07/2021;1500;23,7;24,0;21,9;21,0;22,0;19,0;0,0;0,4;-2,4;890,9;891,4;890,9;3,0;103,0;6,3;2816,57;0,0;
20/07/2021;1600;24,6;25,1;23,6;19,0;21,0;18,0;-0,8;0,3;-1,7;890,3;890,9;890,3;2,7;112,0;6,4;2860,99;0,0;
20/07/2021;1700;25,2;25,4;24,5;22,0;22,0;19,0;2,2;2,2;-0,6;889,5;890,3;889,5;3,5;99,0;6,2;2692,91;0,0;
20/07/2021;1800;25,6;26,5;25,1;21,0;22,0;20,0;1,9;2,8;1,2;888,8;889,5;888,8;1,8;105,0;5,9;2293,49;0,0;
20/07/2021;1900;26,2;26,4;25,4;22,0;23,0;21,0;2,7;3,1;1,4;888,7;888,9;888,7;1,3;74,0;5,1;1692,11;0,0;
20/07/2021;2000;25,1;26,3;25,0;23,0;23,0;21,0;2,2;3,1;1,8;889,1;889,1;888,7;2,4;132,0;6,0;954,36;0,0;
20/07/2021;2100;20,5;25,2;20,5;36,0;37,0;22,0;5,1;5,2;2,1;889,4;889,4;889,0;1,0;132,0;3,9;208,03;0,0;
20/07/2021;2200;20,9;22,0;20,2;32,0;38,0;30,0;3,5;5,5;3,4;890,0;890,0;889,4;1,8;125,0;3,9;;0,0;
20/07/2021;2300;20,7;21,0;20,4;32,0;33,0;31,0;3,3;3,4;3,2;890,9;890,9;890,0;2,4;108,0;4,1;;0,0;
21/07/2021;0000;19,0;20,8;19,0;37,0;37,0;31,0;3,9;4,0;3,2;891,6;891,6;890,9;1,8;128,0;3,9;;0,0;
21/07/2021;0100;19,1;19,5;17,1;36,0;44,0;35,0;3,5;4,9;3,2;891,8;891,9;891,6;1,9;118,0;4,3;;0,0;
21/07/2021;0200;14,6;19,0;14,6;55,0;55,0;36,0;5,8;5,8;3,6;891,9;892,0;891,8;1,2;153,0;3,1;;0,0;
21/07/2021;0300;15,0;16,0;13,8;51,0;57,0;47,0;4,9;5,9;4,4;891,5;891,9;891,5;1,1;166,0;1,9;;0,0;
21/07/2021;0400;13,9;15,7;12,6;58,0;63,0;48,0;5,6;5,8;4,5;891,0;891,5;891,0;1,5;229,0;2,0;;0,0;
21/07/2021;0500;13,1;14,1;12,8;58,0;60,0;53,0;5,0;5,7;4,6;890,6;891,0;890,6;0,9;44,0;2,8;;0,0;
21/07/2021;0600;15,5;16,5;12,1;49,0;63,0;43,0;4,9;5,2;3,8;890,4;890,7;890,3;1,5;110,0;2,9;;0,0;
21/07/2021;0700;15,1;15,7;13,6;52,0;59,0;49,0;5,4;5,8;4,7;890,3;890,4;890,3;1,7;116,0;2,8;;0,0;
21/07/2021;0800;12,1;15,1;11,6;65,0;67,0;52,0;5,7;6,1;5,2;890,7;890,7;890,3;1,0;360,0;2,8;;0,0;
21/07/2021;0900;12,0;12,5;11,5;67,0;70,0;63,0;6,1;6,2;5,2;891,2;891,2;890,6;1,1;123,0;2,6;;0,0;
21/07/2021;1000;15,1;16,0;12,0;52,0;67,0;46,0;5,3;6,0;4,3;891,9;891,9;891,2;2,3;134,0;3,5;10,14;0,0;
21/07/2021;1100;17,9;17,9;14,6;46,0;56,0;46,0;6,0;6,3;5,4;892,6;892,6;891,9;1,9;111,0;3,6;447,69;0,0;
21/07/2021;1200;19,2;19,3;17,9;52,0;52,0;44,0;9,1;9,1;6,0;893,3;893,3;892,6;3,8;98,0;6,7;1239,93;0,0;
21/07/2021;1300;21,0;21,1;18,9;49,0;53,0;49,0;9,8;10,2;8,9;893,5;893,5;893,3;2,7;98,0;6,8;1962,63;0,0;
21/07/2021;1400;23,0;23,2;20,6;48,0;51,0;48,0;11,5;11,8;9,9;893,5;893,6;893,4;3,5;99,0;6,3;2496,87;0,0;
21/07/2021;1500;24,9;24,9;22,5;42,0;51,0;42,0;11,2;12,3;10,9;893,0;893,5;893,0;3,8;80,0;6,9;2795,32;0,0;
21/07/2021;1600;25,0;25,8;23,8;31,0;44,0;30,0;6,9;11,5;5,7;892,4;893,0;892,4;2,7;105,0;6,3;2243,80;0,0;
21/07/2021;1700;24,9;25,3;24,2;38,0;38,0;30,0;9,7;9,8;6,0;891,6;892,4;891,5;2,3;82,0;6,0;1644,15;0,0;
21/07/2021;1800;24,7;25,3;24,4;38,0;40,0;36,0;9,4;10,2;8,8;891,1;891,6;891,1;2,4;89,0;5,8;1270,48;0,0;
21/07/2021;1900;24,3;25,6;24,2;39,0;39,0;35,0;9,3;9,8;8,7;890,9;891,1;890,9;2,9;130,0;5,6;948,22;0,0;
21/07/2021;2000;24,1;24,4;23,9;39,0;40,0;36,0;9,3;9,4;8,4;891,1;891,2;890,9;2,9;96,0;6,0;467,61;0,0;
21/07/2021;2100;22,8;24,1;22,8;42,0;42,0;39,0;9,2;9,3;8,9;891,8;891,8;891,1;2,5;99,0;5,8;149,95;0,0;
21/07/2021;2200;21,9;22,8;21,8;48,0;48,0;42,0;10,4;10,4;9,2;892,3;892,3;891,8;2,5;107,0;4,9;;0,0;
21/07/2021;2300;21,4;21,9;21,3;49,0;50,0;48,0;10,3;10,5;10,3;892,7;892,7;892,3;2,6;99,0;4,9;;0,0;
22/07/2021;0000;21,3;21,7;21,3;50,0;50,0;49,0;10,4;10,4;10,3;893,2;893,2;892,7;3,0;100,0;5,5;;0,0;
22/07/2021;0100;20,0;21,3;20,0;55,0;55,0;50,0;10,6;10,7;10,3;893,6;893,6;893,2;2,4;116,0;5,5;;0,0;
22/07/2021;0200;19,3;20,0;19,3;60,0;60,0;55,0;11,3;11,3;10,6;893,8;893,8;893,6;2,1;108,0;5,0;;0,0;
22/07/2021;0300;19,0;19,3;18,8;61,0;62,0;60,0;11,5;11,5;11,3;893,7;893,8;893,7;1,7;117,0;3,7;;0,0;
22/07/2021;0400;18,6;19,1;18,5;63,0;63,0;61,0;11,3;11,5;11,3;893,5;893,7;893,4;1,7;122,0;3,8;;0,0;
22/07/2021;0500;18,2;18,6;16,8;63,0;69,0;63,0;11,0;11,6;11,0;892,8;893,5;892,8;1,5;122,0;3,6;;0,0;
22/07/2021;0600;17,5;18,2;15,0;65,0;77,0;63,0;10,9;11,4;10,6;892,3;892,8;892,3;1,7;119,0;3,1;;0,0;
22/07/2021;0700;17,4;17,9;17,2;66,0;66,0;63,0;11,0;11,0;10,7;892,4;892,4;892,2;2,1;114,0;4,7;;0,0;
22/07/2021;0800;17,2;17,7;17,1;65,0;66,0;64,0;10,5;11,0;10,5;892,5;892,5;892,4;2,7;112,0;5,5;;0,0;
22/07/2021;0900;17,1;17,2;16,7;65,0;66,0;65,0;10,5;10,5;10,3;892,9;892,9;892,5;3,8;86,0;6,9;;0,0;
22/07/2021;1000;16,3;17,0;16,2;68,0;69,0;65,0;10,4;10,8;10,4;893,6;893,6;892,9;2,9;94,0;6,9;8,67;0,0;
22/07/2021;1100;18,0;18,1;16,3;61,0;68,0;61,0;10,5;10,6;10,3;894,3;894,3;893,6;2,4;103,0;5,5;466,19;0,0;
22/07/2021;1200;19,5;19,6;18,0;58,0;61,0;58,0;11,0;11,3;10,5;895,1;895,1;894,3;3,0;83,0;6,2;1278,68;0,0;
22/07/2021;1300;21,3;21,3;19,1;53,0;59,0;52,0;11,2;11,7;10,8;895,2;895,3;895,0;3,2;108,0;6,2;1996,86;0,0;
22/07/2021;1400;22,5;22,7;21,3;49,0;53,0;48,0;11,1;11,9;10,9;895,1;895,3;895,1;3,2;106,0;5,7;2528,57;0,0;
22/07/2021;1500;22,9;24,8;22,3;40,0;50,0;37,0;8,7;12,0;8,7;894,7;895,2;894,7;3,8;80,0;7,5;2727,99;0,0;
22/07/2021;1600;24,4;26,1;22,9;37,0;43,0;32,0;8,6;10,3;7,1;893,9;894,7;893,8;4,6;107,0;8,5;2918,78;0,0;
22/07/2021;1700;24,1;25,1;23,3;37,0;39,0;34,0;8,5;9,4;7,8;893,0;893,9;893,0;3,7;84,0;8,5;2256,36;0,0;
22/07/2021;1800;24,1;25,9;23,5;37,0;40,0;34,0;8,6;9,7;8,1;892,4;893,0;892,3;2,6;122,0;8,0;1799,74;0,0;
22/07/2021;1900;23,7;25,5;23,3;39,0;40,0;35,0;9,0;9,5;7,8;892,0;892,4;892,0;3,6;102,0;8,7;1270,03;0,0;
22/07/2021;2000;22,9;24,7;22,9;39,0;40,0;34,0;8,4;9,0;7,6;891,9;892,0;891,9;3,2;117,0;8,1;810,05;0,0;
22/07/2021;2100;22,2;23,0;22,2;41,0;41,0;39,0;8,4;8,6;7,9;892,3;892,3;891,9;2,8;113,0;6,2;151,17;0,0;
22/07/2021;2200;21,2;22,2;21,2;47,0;47,0;41,0;9,4;9,4;8,4;892,5;892,6;892,3;2,1;115,0;5,0;;0,0;
22/07/2021;2300;20,5;21,2;20,5;48,0;48,0;46,0;9,1;9,5;8,9;893,1;893,1;892,5;2,6;113,0;5,5;;0,0;
23/07/2021;0000;19,4;20,5;19,4;49,0;53,0;48,0;8,5;9,5;8,5;893,6;893,6;893,1;3,2;117,0;5,4;;0,0;
23/07/2021;0100;18,6;19,5;18,5;50,0;51,0;49,0;8,0;8,6;8,0;893,8;893,8;893,6;2,3;116,0;5,5;;0,0;
23/07/2021;0200;17,8;18,5;17,7;51,0;52,0;50,0;7,6;7,9;7,6;893,6;893,8;893,6;2,0;105,0;4,9;;0,0;
23/07/2021;0300;17,3;17,9;17,3;53,0;53,0;51,0;7,6;7,7;7,5;893,2;893,6;893,2;1,4;105,0;3,6;;0,0;
23/07/2021;0400;16,8;17,4;15,8;56,0;58,0;53,0;7,9;8,1;7,5;892,7;893,3;892,7;1,6;111,0;3,3;;0,0;
23/07/2021;0500;14,7;16,9;14,7;65,0;65,0;55,0;8,1;8,5;7,7;892,1;892,7;892,1;1,3;133,0;2,7;;0,0;
23/07/2021;0600;14,0;14,7;13,3;70,0;73,0;65,0;8,5;8,7;8,1;891,7;892,1;891,7;1,3;120,0;2,3;;0,0;
23/07/2021;0700;15,5;16,2;14,0;61,0;70,0;59,0;8,0;8,6;7,7;891,5;891,7;891,5;1,8;122,0;3,3;;0,0;
23/07/2021;0800;15,3;15,8;15,1;63,0;63,0;60,0;8,3;8,3;8,0;891,8;891,8;891,4;2,7;113,0;5,3;;0,0;
23/07/2021;0900;14,8;15,5;14,8;66,0;66,0;62,0;8,6;8,6;8,2;892,0;892,0;891,8;3,1;103,0;7,1;;0,0;
23/07/2021;1000;14,2;14,9;14,0;71,0;71,0;66,0;9,0;9,0;8,6;892,8;892,8;892,0;3,5;98,0;7,2;7,07;0,0;
23/07/2021;1100;14,8;14,8;14,1;71,0;72,0;70,0;9,6;9,6;8,9;893,2;893,2;892,8;4,1;98,0;7,1;330,19;0,0;
23/07/2021;1200;16,8;16,8;14,8;66,0;72,0;66,0;10,5;10,5;9,6;893,8;893,8;893,2;5,0;96,0;8,6;988,68;0,0;
23/07/2021;1300;17,9;18,2;15,9;64,0;69,0;62,0;11,0;11,1;9,9;893,9;894,0;893,8;4,1;93,0;8,3;1603,45;0,0;
23/07/2021;1400;19,8;20,4;17,6;56,0;65,0;55,0;10,8;11,4;10,5;894,0;894,0;893,8;3,9;89,0;8,9;2159,67;0,0;
23/07/2021;1500;21,6;22,4;19,7;47,0;57,0;46,0;9,9;11,2;9,6;893,4;894,1;893,3;5,1;97,0;8,4;2735,31;0,0;
23/07/2021;1600;22,8;22,8;21,5;42,0;48,0;41,0;9,1;10,3;8,7;892,7;893,4;892,6;5,3;84,0;9,6;2633,66;0,0;
23/07/2021;1700;22,6;23,4;22,1;39,0;42,0;37,0;8,1;9,0;7,3;891,6;892,7;891,5;4,6;85,0;10,1;2630,88;0,0;
23/07/2021;1800;23,0;24,0;22,3;37,0;40,0;35,0;7,7;8,6;7,2;890,9;891,6;890,9;4,1;76,0;9,3;2248,80;0,0;
23/07/2021;1900;22,7;24,0;22,3;39,0;41,0;36,0;8,0;8,5;7,0;890,6;890,9;890,6;4,7;79,0;8,9;1303,97;0,0;
23/07/2021;2000;22,1;22,9;21,9;40,0;43,0;39,0;7,9;8,9;7,8;890,8;890,8;890,6;4,5;77,0;8,4;966,71;0,0;
23/07/2021;2100;20,5;22,1;20,5;46,0;46,0;40,0;8,4;8,4;7,6;891,0;891,0;890,8;3,5;87,0;7,6;145,18;0,0;
23/07/2021;2200;19,1;20,6;19,1;51,0;51,0;46,0;8,6;8,8;8,4;891,2;891,2;890,9;2,9;115,0;6,7;;0,0;
23/07/2021;2300;18,0;19,1;18,0;54,0;54,0;51,0;8,5;8,7;8,5;891,7;891,7;891,2;2,3;100,0;5,8;;0,0;
24/07/2021;0000;17,7;18,3;17,7;55,0;55,0;53,0;8,6;8,7;8,4;892,2;892,2;891,7;3,4;99,0;5,9;;0,0;
24/07/2021;0100;17,2;17,9;17,1;57,0;57,0;55,0;8,6;8,7;8,5;892,2;892,3;892,2;3,5;100,0;6,3;;0,0;
24/07/2021;0200;16,7;17,4;16,7;59,0;59,0;57,0;8,6;8,8;8,6;892,2;892,3;892,2;3,0;101,0;6,1;;0,0;
24/07/2021;0300;16,4;17,1;16,3;59,0;60,0;57,0;8,4;8,7;8,4;892,0;892,2;892,0;2,9;98,0;6,3;;0,0;
24/07/2021;0400;15,0;16,4;14,9;64,0;64,0;59,0;8,1;8,4;8,0;891,8;892,0;891,8;2,3;122,0;5,8;;0,0;
24/07/2021;0500;14,5;15,0;14,5;64,0;64,0;63,0;7,7;8,1;7,7;891,3;891,8;891,3;3,7;99,0;6,7;;0,0;
24/07/2021;0600;13,6;14,6;13,6;68,0;68,0;64,0;7,9;8,0;7,7;890,9;891,4;890,9;3,7;100,0;7,1;;0,0;
24/07/2021;0700;13,2;13,6;12,8;71,0;72,0;68,0;8,1;8,2;7,9;890,4;890,9;890,4;3,4;91,0;7,0;;0,0;
24/07/2021;0800;13,2;13,5;13,2;72,0;72,0;71,0;8,1;8,3;8,1;890,7;890,7;890,4;3,2;98,0;6,6;;0,0;
24/07/2021;0900;13,1;13,2;12,7;71,0;74,0;71,0;7,9;8,2;7,9;891,1;891,1;890,6;3,8;90,0;6,1;;0,0;
24/07/2021;1000;12,8;13,2;12,6;71,0;72,0;70,0;7,6;7,9;7,6;891,6;891,6;891,1;3,6;82,0;7,1;9,21;0,0;
24/07/2021;1100;14,1;14,1;12,8;65,0;71,0;64,0;7,5;7,6;7,3;892,7;892,7;891,6;4,5;81,0;8,7;495,14;0,0;
24/07/2021;1200;15,6;16,0;14,0;59,0;65,0;58,0;7,6;8,0;7,3;893,4;893,4;892,7;5,1;88,0;9,6;1337,82;0,0;
24/07/2021;1300;17,9;17,9;15,5;53,0;59,0;53,0;8,3;8,3;7,5;893,7;893,7;893,4;4,5;70,0;10,8;2073,31;0,0;
24/07/2021;1400;19,0;19,2;17,4;50,0;54,0;49,0;8,3;8,6;7,7;893,5;893,8;893,5;3,8;63,0;8,8;2620,19;0,0;
24/07/2021;1500;20,7;20,7;18,5;46,0;51,0;45,0;8,8;8,8;7,8;893,0;893,6;893,0;2,9;96,0;7,8;2903,83;0,0;
24/07/2021;1600;21,3;21,7;19,9;42,0;46,0;40,0;7,9;8,8;7,5;892,0;893,0;892,0;3,3;105,0;8,3;2953,68;0,0;
24/07/2021;1700;22,6;22,9;21,3;35,0;42,0;35,0;6,3;8,0;6,3;891,0;892,0;891,0;3,6;96,0;7,0;2791,17;0,0;
24/07/2021;1800;23,0;23,7;22,2;34,0;37,0;32,0;6,2;7,1;5,4;890,1;891,0;890,1;3,3;95,0;8,4;2391,91;0,0;
24/07/2021;1900;22,7;23,5;22,5;36,0;36,0;32,0;6,7;7,1;5,3;889,8;890,1;889,8;2,6;92,0;6,8;1780,93;0,0;
24/07/2021;2000;22,1;23,3;22,1;37,0;37,0;34,0;6,6;7,0;6,4;889,9;889,9;889,7;3,2;71,0;7,0;1035,33;0,0;
24/07/2021;2100;20,1;22,1;20,1;42,0;42,0;37,0;6,8;7,1;6,3;890,0;890,0;889,7;2,7;109,0;7,0;238,75;0,0;
24/07/2021;2200;19,1;20,1;19,0;44,0;45,0;42,0;6,7;6,8;6,5;890,4;890,4;890,0;2,7;99,0;5,7;;0,0;
24/07/2021;2300;18,4;19,1;18,2;46,0;47,0;44,0;6,5;6,8;6,4;891,0;891,0;890,4;2,7;92,0;5,7;;0,0;
25/07/2021;0000;17,3;18,4;17,3;49,0;49,0;46,0;6,6;6,6;6,4;891,4;891,4;891,0;2,5;105,0;5,1;;0,0;
25/07/2021;0100;16,8;17,4;16,7;51,0;52,0;49,0;6,8;6,9;6,7;891,6;891,6;891,4;2,9;100,0;5,9;;0,0;
25/07/2021;0200;16,2;16,9;16,0;54,0;55,0;51,0;6,9;7,0;6,7;891,7;891,7;891,5;2,5;103,0;5,9;;0,0;
25/07/2021;0300;15,6;16,3;15,6;55,0;55,0;54,0;6,5;6,9;6,5;891,7;891,8;891,6;2,0;103,0;5,1;;0,0;
25/07/2021;0400;15,5;15,8;15,3;54,0;55,0;54,0;6,2;6,6;6,2;891,3;891,7;891,3;2,3;102,0;5,4;;0,0;
25/07/2021;0500;15,7;15,9;15,1;54,0;56,0;53,0;6,5;6,6;6,2;890,6;891,4;890,6;3,3;101,0;6,7;;0,0;
25/07/2021;0600;14,9;15,7;14,7;58,0;58,0;54,0;6,6;6,7;6,4;890,2;890,6;890,2;2,9;104,0;6,8;;0,0;
25/07/2021;0700;14,2;15,2;14,2;60,0;60,0;57,0;6,5;6,7;6,5;889,8;890,2;889,6;2,5;111,0;6,2;;0,0;
25/07/2021;0800;13,4;14,2;13,4;64,0;64,0;60,0;6,7;6,7;6,5;890,1;890,1;889,8;2,7;104,0;5,5;;0,0;
25/07/2021;0900;13,4;13,5;13,0;67,0;67,0;64,0;7,3;7,5;6,7;890,2;890,2;890,1;3,5;98,0;5,9;;0,0;
25/07/2021;1000;13,2;13,4;13,0;69,0;69,0;67,0;7,6;7,6;7,2;890,5;890,5;890,2;3,7;96,0;6,8;8,11;0,0;
25/07/2021;1100;15,0;15,1;13,1;63,0;69,0;63,0;8,1;8,3;7,5;891,2;891,3;890,5;3,6;89,0;6,9;508,81;0,0;
25/07/2021;1200;16,6;16,7;15,0;59,0;64,0;58,0;8,6;8,6;8,0;891,9;891,9;891,2;4,2;80,0;9,5;1355,34;0,0;
25/07/2021;1300;19,0;19,1;16,6;52,0;59,0;52,0;9,0;9,2;8,4;892,1;892,1;891,9;3,5;89,0;6,6;2083,95;0,0;
25/07/2021;1400;20,8;21,1;18,6;47,0;53,0;45,0;9,0;9,7;8,5;892,0;892,2;892,0;3,4;76,0;6,7;2614,14;0,0;
25/07/2021;1500;21,9;22,1;20,5;43,0;47,0;42,0;8,9;9,4;8,3;891,4;892,0;891,4;2,9;38,0;7,7;2906,99;0,0;
25/07/2021;1600;23,6;23,9;21,5;37,0;45,0;37,0;8,2;9,3;8,2;890,5;891,4;890,5;2,6;25,0;7,9;2943,50;0,0;
25/07/2021;1700;23,6;24,0;22,8;37,0;40,0;36,0;8,2;9,0;7,4;889,6;890,5;889,6;2,3;30,0;7,2;2775,13;0,0;
25/07/2021;1800;23,8;25,0;23,2;36,0;37,0;35,0;7,8;8,8;7,2;888,8;889,6;888,8;1,2;35,0;6,3;2368,21;0,0;
25/07/2021;1900;24,3;25,1;23,7;35,0;36,0;33,0;7,7;8,5;7,2;888,7;888,9;888,7;1,9;61,0;6,3;1767,09;0,0;
25/07/2021;2000;23,5;24,4;23,5;36,0;36,0;34,0;7,6;8,0;7,3;888,9;888,9;888,6;2,1;101,0;5,6;1035,09;0,0;
25/07/2021;2100;20,1;23,5;20,1;49,0;49,0;36,0;9,0;9,3;7,4;889,0;889,0;888,8;0,7;100,0;3,4;233,02;0,0;
25/07/2021;2200;18,3;20,9;18,2;54,0;55,0;44,0;8,8;8,9;8,2;889,3;889,3;889,0;1,1;54,0;2,7;;0,0;
25/07/2021;2300;19,6;19,7;17,4;50,0;57,0;49,0;8,9;9,0;8,5;890,0;890,0;889,3;1,9;107,0;3,5;;0,0;
26/07/2021;0000;18,6;19,6;18,5;52,0;53,0;50,0;8,7;9,0;8,6;890,4;890,4;890,0;1,7;108,0;3,8;;0,0;
26/07/2021;0100;17,9;18,8;17,9;57,0;57,0;52,0;9,2;9,2;8,6;890,6;890,6;890,4;1,7;76,0;3,0;;0,0;
26/07/2021;0200;17,2;18,5;17,2;59,0;59,0;53,0;9,2;9,3;8,7;890,7;890,7;890,6;1,5;119,0;3,2;;0,0;
26/07/2021;0300;16,5;17,6;16,5;59,0;59,0;56,0;8,6;9,2;8,6;890,7;890,7;890,6;1,2;79,0;3,7;;0,0;
26/07/2021;0400;15,8;16,9;13,8;65,0;71,0;59,0;9,1;9,3;8,3;890,5;890,7;890,5;1,9;137,0;2,5;;0,0;
26/07/2021;0500;15,9;16,2;15,0;64,0;67,0;63,0;9,0;9,3;8,7;889,8;890,5;889,8;1,9;111,0;2,9;;0,0;
26/07/2021;0600;15,9;16,4;15,7;62,0;64,0;60,0;8,5;9,0;8,5;889,5;889,8;889,5;1,6;104,0;3,5;;0,0;
26/07/2021;0700;15,5;16,1;15,3;63,0;63,0;61,0;8,5;8,6;8,4;889,2;889,5;889,2;1,8;100,0;3,0;;0,0;
26/07/2021;0800;14,8;15,9;14,3;68,0;68,0;62,0;8,8;8,8;8,3;889,3;889,3;889,1;1,3;97,0;3,1;;0,0;
26/07/2021;0900;15,2;15,4;14,3;65,0;69,0;65,0;8,8;9,0;8,6;889,5;889,6;889,3;3,1;104,0;5,7;;0,0;
26/07/2021;1000;14,6;15,3;14,4;67,0;68,0;65,0;8,6;8,8;8,5;890,2;890,2;889,5;2,8;104,0;5,7;8,90;0,0;
26/07/2021;1100;16,5;16,5;14,4;58,0;68,0;58,0;8,3;8,7;8,1;890,8;890,8;890,2;3,0;97,0;4,9;501,48;0,0;
26/07/2021;1200;18,4;18,4;16,5;52,0;58,0;52,0;8,4;8,6;7,9;891,5;891,5;890,8;3,5;72,0;6,8;1335,54;0,0;
26/07/2021;1300;20,5;20,7;18,3;47,0;52,0;46,0;8,7;9,1;8,2;891,5;891,7;891,4;3,7;75,0;7,5;2063,64;0,0;
26/07/2021;1400;21,2;21,8;20,0;44,0;48,0;43,0;8,3;9,2;8,3;891,4;891,5;891,4;3,5;74,0;7,4;2607,50;0,0;
26/07/2021;1500;22,4;22,9;21,1;39,0;44,0;37,0;7,8;8,9;7,2;890,9;891,4;890,9;2,4;115,0;6,7;2890,51;0,0;
26/07/2021;1600;23,6;23,8;22,0;36,0;40,0;35,0;7,7;8,4;6,9;890,2;890,9;890,2;2,8;63,0;6,9;2942,50;0,0;
26/07/2021;1700;24,1;24,3;23,1;34,0;37,0;33,0;7,3;8,0;6,6;889,3;890,2;889,3;1,8;101,0;6,3;2778,98;0,0;
26/07/2021;1800;24,9;25,2;23,6;31,0;34,0;29,0;6,4;7,2;5,4;888,4;889,3;888,4;2,4;107,0;5,0;2382,57;0,0;
26/07/2021;1900;24,8;25,2;24,2;30,0;32,0;28,0;5,9;6,6;4,8;888,1;888,4;888,0;1,2;96,0;4,8;1790,46;0,0;
26/07/2021;2000;24,0;25,0;23,9;31,0;32,0;28,0;6,0;6,4;4,9;887,9;888,1;887,8;1,6;142,0;4,8;1045,26;0,0;
26/07/2021;2100;21,6;24,0;21,6;37,0;37,0;31,0;6,3;6,3;5,8;888,2;888,2;887,9;1,5;124,0;3,6;240,41;0,0;
26/07/2021;2200;18,7;21,6;17,3;46,0;54,0;37,0;6,7;8,1;6,3;888,6;888,6;888,2;1,6;107,0;2,9;;0,0;
26/07/2021;2300;20,2;20,5;18,8;41,0;46,0;40,0;6,6;6,9;6,5;889,0;889,0;888,6;2,2;84,0;3,6;;0,0;
27/07/2021;0000;19,3;20,2;19,2;46,0;46,0;41,0;7,3;7,3;6,5;889,5;889,5;889,0;2,0;74,0;3,8;;0,0;
27/07/2021;0100;18,8;19,5;18,8;47,0;47,0;45,0;7,1;7,3;7,1;889,7;889,7;889,5;2,0;71,0;4,4;;0,0;
27/07/2021;0200;18,2;18,8;18,1;47,0;49,0;46,0;6,8;7,3;6,8;889,6;889,7;889,6;2,0;72,0;4,0;;0,0;
27/07/2021;0300;14,1;18,2;13,5;65,0;68,0;47,0;7,6;7,8;6,7;889,9;890,0;889,6;0,3;234,0;3,8;;0,0;
27/07/2021;0400;16,8;16,8;13,8;52,0;67,0;52,0;6,9;8,1;6,9;889,4;889,9;889,4;2,0;69,0;4,4;;0,0;
27/07/2021;0500;16,7;17,0;16,2;50,0;54,0;49,0;6,2;6,9;6,0;889,3;889,4;888,9;1,8;102,0;5,3;;0,0;
27/07/2021;0600;12,6;16,7;12,4;68,0;70,0;50,0;7,0;7,6;5,9;889,3;889,5;889,3;0,4;112,0;3,0;;0,0;
27/07/2021;0700;12,0;12,6;11,4;72,0;75,0;68,0;7,0;7,3;6,8;889,5;889,5;889,3;0,5;209,0;1,1;;0,0;
27/07/2021;0800;11,4;13,4;11,4;70,0;73,0;62,0;6,2;7,1;6,1;889,3;889,5;889,3;1,2;72,0;2,4;;0,0;
27/07/2021;0900;13,5;13,5;10,4;60,0;76,0;60,0;5,9;6,6;5,9;889,2;889,3;889,1;1,8;85,0;2,5;;0,0;
27/07/2021;1000;15,3;15,9;13,5;52,0;60,0;49,0;5,6;6,0;5,1;889,4;889,4;889,2;1,6;60,0;3,9;10,04;0,0;
27/07/2021;1100;18,6;18,6;14,8;41,0;54,0;41,0;5,2;5,8;4,9;889,9;889,9;889,4;2,1;53,0;4,3;500,12;0,0;
27/07/2021;1200;20,9;20,9;18,6;37,0;42,0;37,0;5,5;5,8;4,8;890,3;890,4;889,9;2,9;30,0;5,5;1332,41;0,0;
27/07/2021;1300;22,3;22,5;20,5;33,0;37,0;33,0;5,4;5,9;4,8;890,6;890,6;890,3;3,0;17,0;6,1;2059,87;0,0;
27/07/2021;1400;23,6;23,9;22,1;31,0;35,0;30,0;5,4;6,2;4,9;890,2;890,6;890,1;2,8;342,0;6,8;2600,82;0,0;
27/07/2021;1500;25,0;25,1;23,2;29,0;31,0;28,0;5,5;6,0;4,5;889,5;890,2;889,5;1,0;29,0;5,5;2894,56;0,0;
27/07/2021;1600;25,0;25,6;23,9;28,0;30,0;27,0;5,3;5,9;4,3;888,9;889,5;888,9;2,8;62,0;8,1;2941,44;0,0;
27/07/2021;1700;26,2;26,6;25,0;25,0;28,0;25,0;4,5;6,0;4,3;888,2;888,9;888,2;2,1;43,0;6,6;2755,30;0,0;
27/07/2021;1800;26,2;27,1;25,8;25,0;26,0;24,0;4,7;5,5;4,2;887,3;888,2;887,3;1,9;222,0;6,2;2363,20;0,0;
27/07/2021;1900;26,3;27,1;25,8;25,0;27,0;24,0;4,9;5,7;4,3;887,1;887,3;887,0;2,0;224,0;6,6;1730,89;0,0;
27/07/2021;2000;26,2;27,1;26,0;26,0;26,0;24,0;5,1;5,5;4,3;887,1;887,2;887,0;1,6;287,0;4,2;999,16;0,0;
27/07/2021;2100;22,9;26,2;22,9;33,0;34,0;25,0;5,9;6,5;4,5;887,4;887,4;887,1;1,6;266,0;4,2;228,94;0,0;
27/07/2021;2200;19,2;22,9;19,1;46,0;47,0;33,0;7,4;7,6;5,7;887,7;887,8;887,4;0,9;274,0;3,2;;0,0;
27/07/2021;2300;18,8;19,7;17,9;48,0;53,0;46,0;7,5;8,2;7,3;888,2;888,2;887,7;1,7;324,0;3,0;;0,0;
28/07/2021;0000;17,5;18,8;17,2;53,0;54,0;48,0;7,7;7,9;7,4;888,7;888,7;888,2;1,7;344,0;2,7;;0,0;
28/07/2021;0100;17,3;17,7;16,8;52,0;54,0;51,0;7,3;7,6;7,0;888,9;888,9;888,7;1,2;314,0;2,8;;0,0;
28/07/2021;0200;15,6;17,3;15,6;59,0;59,0;52,0;7,6;7,7;7,2;888,8;889,0;888,8;1,1;318,0;2,3;;0,0;
28/07/2021;0300;16,5;16,5;15,5;55,0;59,0;55,0;7,5;7,7;7,3;888,5;888,8;888,5;1,7;342,0;2,2;;0,0;
28/07/2021;0400;15,2;16,6;15,0;60,0;61,0;55,0;7,6;7,8;7,4;888,3;888,5;888,3;1,2;319,0;2,1;;0,0;
28/07/2021;0500;14,2;15,2;14,1;65,0;66,0;60,0;7,7;7,8;7,5;887,8;888,3;887,8;1,1;26,0;1,8;;0,0;
28/07/2021;0600;14,6;14,9;14,1;65,0;66,0;63,0;8,0;8,0;7,8;887,6;887,8;887,6;2,1;1,0;2,9;;0,0;
28/07/2021;0700;14,6;15,2;14,3;64,0;65,0;62,0;7,9;8,0;7,7;887,2;887,6;887,2;1,8;360,0;2,9;;0,0;
28/07/2021;0800;15,5;15,6;14,3;60,0;65,0;59,0;7,7;8,0;7,6;887,2;887,3;887,2;1,7;322,0;2,5;;0,0;
28/07/2021;0900;15,8;15,8;14,2;58,0;66,0;58,0;7,6;7,9;7,6;887,4;887,4;887,2;2,0;335,0;2,7;;0,0;
28/07/2021;1000;15,0;15,8;14,7;62,0;63,0;58,0;7,8;7,8;7,5;887,8;887,8;887,4;1,9;351,0;2,8;11,75;0,0;
28/07/2021;1100;19,6;19,8;15,0;48,0;62,0;47,0;8,2;9,3;7,8;888,7;888,8;887,8;0,8;298,0;2,7;483,12;0,0;
28/07/2021;1200;22,7;22,7;19,6;40,0;50,0;40,0;8,5;9,1;7,6;889,3;889,3;888,7;1,6;321,0;3,2;1285,27;0,0;
28/07/2021;1300;24,8;24,9;22,6;33,0;41,0;33,0;7,4;9,2;7,4;889,4;889,5;889,3;2,3;341,0;4,8;2017,91;0,0;
28/07/2021;1400;26,2;27,1;24,9;27,0;33,0;27,0;6,0;7,6;5,7;889,2;889,5;889,2;1,9;22,0;5,4;2551,71;0,0;
28/07/2021;1500;27,0;27,8;25,8;27,0;29,0;26,0;6,2;6,9;5,6;888,6;889,2;888,3;3,1;318,0;10,0;2820,23;0,0;
28/07/2021;1600;27,9;28,3;26,6;26,0;28,0;25,0;6,5;7,2;5,7;888,0;888,6;888,0;2,0;239,0;10,0;2802,51;0,0;
28/07/2021;1700;27,6;28,9;27,1;26,0;27,0;24,0;6,2;7,3;5,4;887,3;888,0;887,3;1,5;241,0;6,5;2673,37;0,0;
28/07/2021;1800;28,6;28,8;27,6;23,0;26,0;23,0;5,5;6,6;5,3;886,8;887,4;886,8;1,7;222,0;5,6;2280,39;0,0;
28/07/2021;1900;27,6;28,9;27,6;24,0;25,0;23,0;5,2;6,5;5,2;886,6;886,8;886,6;2,0;208,0;5,8;1718,78;0,0;
28/07/2021;2000;27,6;28,5;27,0;28,0;28,0;24,0;7,2;7,6;5,5;886,7;886,8;886,6;2,9;244,0;5,9;1042,19;0,0;
28/07/2021;2100;24,9;27,6;24,9;34,0;34,0;27,0;8,0;8,1;7,0;887,1;887,1;886,7;2,0;285,0;5,9;305,22;0,0;
28/07/2021;2200;22,4;24,9;22,4;41,0;41,0;34,0;8,5;8,6;8,0;887,6;887,6;887,1;1,3;271,0;4,0;;0,0;
28/07/2021;2300;22,5;22,6;21,7;46,0;46,0;41,0;10,2;10,2;8,5;888,3;888,3;887,6;2,5;212,0;4,3;;0,0;
29/07/2021;0000;21,3;22,7;20,9;52,0;53,0;45,0;11,0;11,1;10,2;889,1;889,1;888,3;2,8;212,0;5,1;;0,0;
29/07/2021;0100;19,9;21,4;19,9;57,0;57,0;52,0;11,1;11,1;10,9;889,4;889,4;889,0;4,0;210,0;9,0;;0,0;
29/07/2021;0200;18,2;19,9;18,2;64,0;64,0;57,0;11,3;11,6;11,1;889,8;889,8;889,4;4,9;182,0;9,3;;0,0;
29/07/2021;0300;16,2;18,2;16,2;68,0;68,0;64,0;10,3;11,3;10,2;890,0;890,0;889,7;3,4;200,0;11,6;;0,0;
29/07/2021;0400;14,8;16,2;14,8;69,0;69,0;67,0;9,2;10,3;9,2;890,3;890,4;890,0;2,7;209,0;8,5;;0,0;
29/07/2021;0500;13,2;14,8;13,2;62,0;69,0;61,0;6,0;9,2;6,0;890,4;890,4;890,2;2,8;194,0;9,0;;0,0;
29/07/2021;0600;12,5;13,2;12,3;62,0;64,0;62,0;5,4;6,0;5,4;890,0;890,4;890,0;3,0;206,0;6,4;;0,0;
29/07/2021;0700;11,5;12,5;11,4;54,0;62,0;54,0;2,4;5,3;2,4;890,1;890,2;889,9;3,4;204,0;7,5;;0,0;
29/07/2021;0800;10,6;11,5;10,4;55,0;56,0;54,0;1,9;2,5;1,9;890,4;890,4;890,1;2,7;201,0;10,6;;0,0;
29/07/2021;0900;9,8;10,6;9,8;50,0;55,0;49,0;0,0;1,9;-0,1;890,6;890,6;890,4;2,5;190,0;8,2;;0,0;
29/07/2021;1000;9,5;9,8;9,4;52,0;52,0;50,0;0,0;0,1;-0,2;891,0;891,0;890,6;2,5;196,0;6,2;11,86;0,0;
29/07/2021;1100;10,9;10,9;9,5;48,0;52,0;47,0;0,3;0,3;-0,6;891,5;891,5;891,0;2,7;192,0;7,3;484,69;0,0;
29/07/2021;1200;12,9;12,9;10,6;40,0;48,0;39,0;-0,3;0,5;-0,9;891,9;891,9;891,4;3,1;198,0;7,5;1285,74;0,0;
29/07/2021;1300;15,6;15,7;12,8;34,0;40,0;33,0;0,0;0,2;-1,2;892,0;892,1;891,9;2,6;167,0;6,1;2000,54;0,0;
29/07/2021;1400;17,5;18,3;14,9;35,0;39,0;33,0;2,0;3,4;-0,8;891,9;892,2;891,9;2,6;190,0;6,1;2532,58;0,0;
29/07/2021;1500;19,8;20,0;17,1;38,0;39,0;35,0;4,9;5,2;2,1;891,2;891,9;891,2;3,0;192,0;6,0;2823,05;0,0;
29/07/2021;1600;22,5;22,5;19,6;35,0;38,0;34,0;6,0;6,4;4,4;890,3;891,2;890,3;1,9;185,0;5,6;2860,78;0,0;
29/07/2021;1700;23,6;24,4;22,0;33,0;35,0;32,0;6,3;6,9;5,0;889,5;890,3;889,5;1,6;180,0;5,9;2679,89;0,0;
29/07/2021;1800;23,5;24,9;23,2;34,0;35,0;31,0;6,8;7,4;5,9;888,9;889,5;888,9;2,4;211,0;5,0;2238,22;0,0;
29/07/2021;1900;24,1;24,4;23,2;34,0;35,0;32,0;7,4;7,5;6,3;888,7;888,9;888,7;2,8;190,0;5,7;1393,61;0,0;
29/07/2021;2000;23,1;24,2;23,1;37,0;37,0;34,0;7,8;7,8;6,9;888,8;888,8;888,7;2,6;193,0;5,7;976,31;0,0;
29/07/2021;2100;20,8;23,2;20,8;40,0;41,0;37,0;6,6;8,4;6,6;889,3;889,3;888,8;2,4;175,0;5,7;237,43;0,0;
29/07/2021;2200;18,8;20,8;18,8;42,0;43,0;40,0;5,6;6,7;5,6;889,5;889,6;889,3;2,1;152,0;5,3;;0,0;
29/07/2021;2300;17,4;18,8;17,1;41,0;45,0;41,0;4,1;5,6;4,0;890,0;890,0;889,6;2,1;168,0;4,7;;0,0;
30/07/2021;0000;15,7;17,4;15,7;44,0;44,0;41,0;3,3;4,0;3,3;890,4;890,4;890,0;2,2;175,0;4,9;;0,0;
30/07/2021;0100;14,8;15,7;14,8;42,0;44,0;41,0;2,1;3,3;2,0;890,7;890,7;890,4;1,9;171,0;4,9;;0,0;
30/07/2021;0200;14,1;14,8;14,1;42,0;43,0;42,0;1,5;2,0;1,4;890,8;890,8;890,7;2,3;154,0;4,8;;0,0;
30/07/2021;0300;13,5;14,2;13,5;39,0;43,0;37,0;-0,3;1,5;-0,5;890,7;890,9;890,7;1,8;158,0;4,7;;0,0;
30/07/2021;0400;13,1;13,5;12,8;36,0;41,0;36,0;-1,6;0,0;-1,8;890,5;890,7;890,5;1,4;178,0;3,7;;0,0;
30/07/2021;0500;12,4;13,2;12,3;34,0;36,0;33,0;-2,9;-1,8;-2,9;890,0;890,5;890,0;1,6;178,0;3,7;;0,0;
30/07/2021;0600;11,8;12,6;11,8;36,0;37,0;33,0;-2,6;-2,5;-3,3;889,8;890,1;889,8;1,5;166,0;3,8;;0,0;
30/07/2021;0700;10,9;12,0;10,8;40,0;42,0;36,0;-2,0;-1,5;-2,8;889,8;889,8;889,7;1,4;172,0;4,2;;0,0;
30/07/2021;0800;10,8;11,3;10,5;41,0;43,0;39,0;-2,0;-1,6;-2,3;890,0;890,1;889,7;1,3;171,0;3,2;;0,0;
30/07/2021;0900;9,7;10,9;9,2;46,0;50,0;41,0;-1,3;-0,4;-2,0;890,7;890,7;890,0;1,2;143,0;3,2;;0,0;
30/07/2021;1000;10,0;10,0;8,8;45,0;52,0;44,0;-1,4;-0,4;-1,7;891,3;891,3;890,7;1,3;153,0;3,2;13,20;0,0;
30/07/2021;1100;13,2;13,3;10,0;33,0;45,0;33,0;-2,7;-1,3;-3,1;892,0;892,0;891,3;1,8;133,0;3,5;501,38;0,0;
30/07/2021;1200;15,5;15,5;13,2;28,0;34,0;27,0;-2,9;-2,4;-4,0;892,7;892,7;892,0;2,8;140,0;4,7;1313,37;0,0;
30/07/2021;1300;17,7;18,1;15,4;28,0;29,0;27,0;-1,1;-0,6;-3,0;892,9;892,9;892,7;2,9;120,0;6,4;2036,16;0,0;
30/07/2021;1400;19,0;19,4;17,6;28,0;30,0;26,0;-0,1;0,6;-1,4;892,6;892,9;892,6;2,5;146,0;6,4;2564,93;0,0;
30/07/2021;1500;22,0;22,0;18,8;26,0;29,0;26,0;1,4;1,8;-0,2;892,0;892,6;892,0;1,8;105,0;5,4;2840,99;0,0;
30/07/2021;1600;23,5;24,1;21,2;26,0;28,0;25,0;2,9;4,2;1,2;891,2;892,1;891,2;1,9;116,0;5,0;2881,08;0,0;
30/07/2021;1700;24,1;25,0;22,9;29,0;30,0;25,0;4,9;5,7;2,3;890,3;891,2;890,3;1,7;149,0;4,0;2707,02;0,0;
30/07/2021;1800;26,1;26,4;24,1;27,0;30,0;26,0;5,8;6,2;4,8;889,6;890,4;889,6;1,7;118,0;4,9;2317,79;0,0;
30/07/2021;1900;25,3;26,8;25,3;28,0;28,0;25,0;5,2;6,1;4,7;889,5;889,6;889,4;1,4;151,0;3,8;1494,48;0,0;
30/07/2021;2000;24,8;26,2;24,8;29,0;29,0;26,0;5,7;5,9;5,2;889,7;889,7;889,4;2,8;146,0;5,7;726,61;0,0;
30/07/2021;2100;23,2;24,8;23,2;34,0;34,0;29,0;6,3;6,3;5,6;890,4;890,4;889,7;1,7;160,0;5,7;151,31;0,0;
30/07/2021;2200;20,3;23,2;20,1;43,0;43,0;34,0;7,3;7,5;6,3;890,7;890,7;890,4;1,4;171,0;3,6;;0,0;
30/07/2021;2300;18,5;20,6;17,9;50,0;53,0;43,0;7,9;8,2;7,3;891,1;891,1;890,7;1,2;139,0;2,7;;0,0;
31/07/2021;0000;17,3;19,0;17,3;52,0;54,0;48,0;7,5;8,0;7,5;891,3;891,3;891,1;1,6;133,0;2,8;;0,0;
31/07/2021;0100;17,9;18,6;17,0;49,0;54,0;48,0;7,0;7,9;7,0;891,8;891,8;891,3;1,7;128,0;3,0;;0,0;
31/07/2021;0200;16,8;17,9;15,7;51,0;56,0;49,0;6,6;7,2;6,5;892,1;892,1;891,8;1,9;146,0;2,9;;0,0;
31/07/2021;0300;16,5;17,0;16,5;47,0;51,0;47,0;5,2;6,6;5,2;892,2;892,2;892,1;2,2;133,0;3,1;;0,0;
31/07/2021;0400;14,9;16,6;14,9;50,0;50,0;45,0;4,5;5,1;4,4;892,0;892,2;892,0;1,9;134,0;3,6;;0,0;
31/07/2021;0500;16,0;16,0;13,7;45,0;55,0;45,0;4,1;5,0;4,1;891,6;892,1;891,6;1,7;110,0;2,7;;0,0;
31/07/2021;0600;12,6;16,5;12,6;59,0;59,0;43,0;4,9;5,1;3,8;891,5;891,7;891,4;1,1;124,0;2,9;;0,0;
31/07/2021;0700;15,4;16,2;12,3;49,0;62,0;46,0;4,8;5,6;4,4;891,2;891,5;891,2;1,8;127,0;3,4;;0,0;
31/07/2021;0800;12,7;15,3;12,7;58,0;58,0;49,0;4,8;5,2;4,5;891,5;891,5;891,2;1,8;134,0;2,9;;0,0;
31/07/2021;0900;14,4;14,6;12,3;50,0;60,0;49,0;4,1;4,8;4,1;891,9;891,9;891,5;2,1;120,0;4,1;;0,0;
31/07/2021;1000;14,3;14,5;13,9;54,0;54,0;50,0;4,9;4,9;4,0;892,6;892,6;891,9;2,3;114,0;4,0;13,22;0,0;
31/07/2021;1100;15,9;15,9;14,2;57,0;57,0;53,0;7,3;7,3;4,9;893,3;893,3;892,6;3,0;126,0;5,0;445,64;0,0;
31/07/2021;1200;17,3;17,6;15,9;61,0;62,0;55,0;9,8;9,8;7,1;894,1;894,1;893,3;3,8;104,0;6,8;1293,77;0,0;
31/07/2021;1300;18,8;18,9;17,1;58,0;63,0;58,0;10,3;10,9;9,8;894,1;894,2;894,1;3,9;103,0;8,3;2022,92;0,0;
31/07/2021;1400;22,0;22,2;18,6;49,0;58,0;49,0;10,7;11,2;10,1;893,7;894,1;893,7;2,5;61,0;5,7;2566,99;0,0;
31/07/2021;1500;23,4;23,6;20,9;45,0;52,0;43,0;10,6;11,3;9,9;893,2;893,8;893,2;3,4;113,0;6,9;2858,06;0,0;
31/07/2021;1600;24,6;24,8;23,3;40,0;45,0;37,0;9,9;10,8;8,9;892,2;893,3;892,2;3,0;100,0;7,4;2912,55;0,0;
31/07/2021;1700;25,0;26,0;24,2;40,0;42,0;35,0;10,6;11,3;8,6;891,3;892,2;891,3;3,8;143,0;6,7;2678,97;0,0;
31/07/2021;1800;25,1;26,1;24,1;38,0;41,0;36,0;9,7;10,9;9,6;890,8;891,3;890,8;3,3;116,0;7,2;2046,17;0,0;
31/07/2021;1900;26,1;26,2;24,5;33,0;40,0;32,0;8,8;10,4;8,0;890,9;890,9;890,8;1,6;128,0;6,2;1687,06;0,0;
31/07/2021;2000;25,3;26,3;25,1;35,0;36,0;32,0;8,9;9,1;7,5;891,2;891,2;890,8;2,3;87,0;4,9;1008,04;0,0;
31/07/2021;2100;23,1;25,4;23,1;44,0;44,0;35,0;10,2;10,3;8,6;891,7;891,7;891,2;1,7;120,0;4,9;262,38;0,0;
31/07/2021;2200;22,0;23,1;22,0;49,0;49,0;44,0;10,7;10,8;10,1;892,2;892,2;891,7;2,3;111,0;4,9;;0,0;
31/07/2021;2300;21,0;22,0;20,7;54,0;54,0;49,0;11,2;11,3;10,7;893,1;893,1;892,2;2,2;115,0;4,6;;0,0;
01/08/2021;0000;20,7;21,1;20,7;54,0;54,0;53,0;11,1;11,2;10,8;893,6;893,6;893,1;3,2;99,0;6,1;;0,0;
01/08/2021;0100;19,7;20,7;19,7;58,0;58,0;54,0;11,3;11,3;11,1;893,8;893,8;893,6;3,3;98,0;7,2;;0,0;
01/08/2021;0200;18,8;19,9;18,8;61,0;61,0;58,0;11,1;11,4;11,1;893,8;894,0;893,8;2,3;111,0;6,5;;0,0;
01/08/2021;0300;18,0;19,0;17,8;65,0;65,0;60,0;11,3;11,3;11,0;893,8;893,9;893,8;1,7;109,0;4,1;;0,0;
01/08/2021;0400;17,9;18,3;17,9;65,0;66,0;64,0;11,4;11,4;11,2;893,6;893,9;893,6;2,1;105,0;4,4;;0,0;
01/08/2021;0500;17,3;17,9;17,3;68,0;68,0;65,0;11,3;11,4;11,2;893,5;893,6;893,4;2,6;107,0;5,1;;0,0;
01/08/2021;0600;16,4;17,4;16,4;71,0;71,0;68,0;11,2;11,4;11,2;893,4;893,6;893,4;3,4;114,0;6,4;;0,0;
01/08/2021;0700;15,6;16,5;15,6;74,0;74,0;71,0;11,0;11,3;11,0;893,4;893,4;893,3;4,1;96,0;7,9;;0,0;
01/08/2021;0800;14,6;15,7;14,6;78,0;78,0;74,0;10,8;11,1;10,8;893,7;893,7;893,3;3,6;102,0;8,8;;0,0;
01/08/2021;0900;13,8;14,7;13,8;81,0;82,0;78,0;10,7;10,9;10,7;894,1;894,1;893,7;2,7;107,0;6,3;;0,0;
01/08/2021;1000;13,6;13,9;13,5;83,0;83,0;81,0;10,8;10,8;10,6;894,7;894,7;894,1;2,5;109,0;5,4;10,71;0,0;
01/08/2021;1100;15,1;15,3;13,6;76,0;83,0;75,0;10,8;11,0;10,7;895,4;895,4;894,7;3,4;95,0;5,4;489,40;0,0;
01/08/2021;1200;16,4;16,4;15,0;70,0;76,0;70,0;11,0;11,3;10,5;896,1;896,1;895,4;4,3;90,0;7,8;1325,34;0,0;
01/08/2021;1300;17,9;18,2;16,0;65,0;72,0;65,0;11,3;11,8;10,7;896,2;896,4;896,1;3,1;87,0;7,2;2047,94;0,0;
01/08/2021;1400;20,3;20,3;17,6;58,0;67,0;58,0;11,7;11,9;11,0;895,8;896,2;895,8;3,4;78,0;7,0;2587,22;0,0;
01/08/2021;1500;21,7;22,1;20,3;53,0;58,0;51,0;11,6;11,9;11,2;895,1;895,8;895,1;3,3;82,0;6,5;2872,66;0,0;
01/08/2021;1600;23,6;23,6;21,4;46,0;53,0;45,0;11,3;12,0;10,5;894,1;895,1;894,1;3,4;114,0;6,1;2930,01;0,0;
01/08/2021;1700;24,3;24,9;22,8;43,0;47,0;42,0;11,0;11,7;10,4;893,3;894,1;893,3;3,0;118,0;6,5;2756,65;0,0;
01/08/2021;1800;25,1;25,3;23,8;37,0;43,0;37,0;9,6;10,9;9,1;892,7;893,3;892,6;1,8;92,0;6,6;2381,05;0,0;
01/08/2021;1900;24,5;25,4;24,3;40,0;40,0;37,0;10,0;10,1;9,0;892,5;892,7;892,5;3,1;115,0;6,5;1729,86;0,0;
01/08/2021;2000;24,1;25,5;24,1;38,0;40,0;36,0;8,9;10,1;8,7;892,7;892,7;892,4;3,0;123,0;6,9;1001,50;0,0;
01/08/2021;2100;22,3;24,3;22,3;45,0;45,0;37,0;9,8;9,8;8,6;893,2;893,2;892,7;2,1;132,0;6,2;273,00;0,0;
01/08/2021;2200;21,2;22,3;21,1;50,0;50,0;45,0;10,3;10,3;9,8;893,6;893,6;893,2;2,7;102,0;5,2;;0,0;
01/08/2021;2300;20,1;21,2;20,0;52,0;52,0;50,0;10,0;10,3;9,9;894,0;894,0;893,6;2,5;107,0;5,0;;0,0;
02/08/2021;0000;19,5;20,4;19,5;54,0;54,0;52,0;9,9;10,1;9,9;894,3;894,3;894,0;2,6;110,0;5,6;;0,0;
02/08/2021;0100;18,5;19,4;18,3;58,0;58,0;54,0;10,0;10,1;9,9;894,5;894,5;894,3;2,3;103,0;5,6;;0,0;
02/08/2021;0200;17,9;18,6;17,8;59,0;60,0;57,0;9,9;10,1;9,8;894,6;894,6;894,5;2,7;107,0;5,3;;0,0;
02/08/2021;0300;16,8;17,9;16,8;64,0;64,0;59,0;9,8;9,9;9,8;894,3;894,6;894,3;1,6;108,0;6,0;;0,0;
02/08/2021;0400;14,4;16,8;14,3;74,0;74,0;64,0;9,9;10,0;9,4;893,6;894,3;893,6;1,5;132,0;3,2;;0,0;
02/08/2021;0500;16,0;16,0;13,3;67,0;79,0;67,0;9,8;10,2;9,4;893,1;893,6;893,1;2,5;100,0;4,2;;0,0;
02/08/2021;0600;14,9;16,0;14,9;67,0;67,0;65,0;8,7;9,8;8,7;893,1;893,2;893,0;3,2;101,0;6,5;;0,0;
02/08/2021;0700;13,9;14,9;13,8;71,0;71,0;67,0;8,6;8,7;8,5;893,0;893,1;893,0;2,5;108,0;6,5;;0,0;
02/08/2021;0800;13,3;13,9;13,2;72,0;73,0;71,0;8,4;8,7;8,4;893,4;893,4;893,0;2,2;106,0;4,0;;0,0;
02/08/2021;0900;12,9;13,8;12,8;73,0;74,0;70,0;8,3;8,5;8,2;893,6;893,6;893,3;2,7;110,0;6,3;;0,0;
02/08/2021;1000;12,7;12,9;12,3;75,0;76,0;73,0;8,4;8,4;8,2;893,8;893,8;893,6;2,1;116,0;5,1;9,92;0,0;
02/08/2021;1100;14,7;14,7;12,7;67,0;75,0;67,0;8,6;8,6;8,3;894,2;894,2;893,8;3,5;94,0;7,0;526,31;0,0;
02/08/2021;1200;15,6;15,9;14,5;63,0;67,0;62,0;8,6;8,8;8,3;894,6;894,6;894,2;3,9;93,0;7,3;1358,07;0,0;
02/08/2021;1300;17,3;17,5;15,6;58,0;63,0;57,0;8,9;9,3;8,3;894,7;894,7;894,6;4,1;95,0;6,7;2091,55;0,0;
02/08/2021;1400;19,5;19,6;17,1;52,0;58,0;51,0;9,3;9,6;8,8;894,5;894,7;894,4;3,7;115,0;6,7;2627,24;0,0;
02/08/2021;1500;21,6;21,6;19,5;45,0;52,0;45,0;9,2;9,6;8,8;893,8;894,5;893,7;3,8;100,0;8,3;2915,12;0,0;
02/08/2021;1600;23,3;23,3;20,9;41,0;47,0;40,0;9,3;9,7;8,5;892,9;893,8;892,9;3,5;83,0;8,3;2963,06;0,0;
02/08/2021;1700;23,7;23,8;22,3;39,0;42,0;37,0;8,8;9,3;8,0;892,0;892,9;892,0;4,5;115,0;7,9;2805,07;0,0;
02/08/2021;1800;24,4;24,6;23,3;34,0;39,0;34,0;7,7;8,8;7,5;891,3;892,0;891,2;3,3;114,0;7,9;2408,68;0,0;
02/08/2021;1900;24,1;24,4;23,6;35,0;36,0;34,0;7,5;8,0;7,0;891,3;891,3;891,2;3,0;127,0;6,9;1795,72;0,0;
02/08/2021;2000;23,4;24,2;23,2;36,0;37,0;34,0;7,5;7,9;7,1;891,4;891,4;891,3;2,6;129,0;6,6;1059,73;0,0;
02/08/2021;2100;21,5;23,4;21,5;43,0;43,0;36,0;8,3;8,3;7,1;891,7;891,7;891,4;2,4;119,0;5,4;279,32;0,0;
02/08/2021;2200;19,8;21,5;19,8;49,0;49,0;43,0;8,6;8,6;8,3;892,1;892,1;891,7;1,4;117,0;4,7;;0,0;
02/08/2021;2300;19,4;19,8;19,0;50,0;51,0;49,0;8,5;8,8;8,5;892,5;892,5;892,0;2,1;114,0;3,9;;0,0;
03/08/2021;0000;17,7;19,4;17,6;56,0;56,0;49,0;8,8;8,9;8,3;892,8;892,8;892,5;1,4;113,0;3,8;;0,0;
03/08/2021;0100;15,2;18,1;15,2;65,0;65,0;54,0;8,8;9,1;8,4;893,0;893,0;892,7;1,4;116,0;2,8;;0,0;
03/08/2021;0200;17,0;17,6;15,0;57,0;66,0;56,0;8,4;9,1;8,3;892,8;892,9;892,8;1,7;113,0;3,5;;0,0;
03/08/2021;0300;16,2;17,0;16,2;60,0;60,0;57,0;8,5;8,6;8,4;892,5;892,8;892,5;1,6;110,0;3,3;;0,0;
03/08/2021;0400;15,6;16,2;14,9;62,0;64,0;60,0;8,4;8,7;8,0;892,1;892,6;892,1;1,6;114,0;3,6;;0,0;
03/08/2021;0500;15,1;15,6;14,8;66,0;66,0;62,0;8,8;8,9;8,4;891,6;892,1;891,6;1,8;125,0;3,0;;0,0;
03/08/2021;0600;12,1;15,1;12,1;78,0;79,0;66,0;8,4;8,9;8,2;891,2;891,6;891,2;1,2;125,0;2,6;;0,0;
03/08/2021;0700;11,6;12,6;11,4;80,0;81,0;77,0;8,3;8,8;8,1;890,9;891,2;890,9;1,4;110,0;2,3;;0,0;
03/08/2021;0800;13,7;14,1;11,6;71,0;80,0;70,0;8,5;9,0;8,0;891,0;891,0;890,9;1,6;126,0;2,6;;0,0;
03/08/2021;0900;10,9;13,7;10,6;86,0;87,0;71,0;8,6;8,7;7,5;891,3;891,4;890,9;0,5;281,0;2,2;;0,0;
03/08/2021;1000;11,4;11,6;10,8;84,0;86,0;81,0;8,8;8,8;8,3;891,8;891,8;891,3;0,1;251,0;0,7;20,29;0,0;
03/08/2021;1100;18,0;18,0;11,4;53,0;84,0;53,0;8,2;10,3;8,1;892,4;892,4;891,8;1,1;98,0;2,5;515,18;0,0;
03/08/2021;1200;19,8;20,0;17,9;45,0;54,0;44,0;7,5;8,5;7,3;892,9;892,9;892,4;2,6;91,0;4,7;1336,56;0,0;
03/08/2021;1300;21,7;21,8;19,8;38,0;46,0;37,0;6,9;8,0;6,4;893,0;893,2;892,9;2,9;109,0;5,5;2067,25;0,0;
03/08/2021;1400;23,0;23,3;21,6;33,0;38,0;33,0;6,0;6,9;5,5;892,7;893,1;892,7;3,3;111,0;6,2;2593,50;0,0;
03/08/2021;1500;24,5;24,9;22,9;31,0;34,0;30,0;6,2;6,9;5,7;892,2;892,7;892,2;2,4;44,0;6,2;2877,98;0,0;
03/08/2021;1600;24,8;25,4;23,9;30,0;32,0;29,0;6,3;6,9;5,7;891,4;892,2;891,4;2,4;173,0;6,0;2919,60;0,0;
03/08/2021;1700;26,1;26,1;24,8;27,0;31,0;27,0;5,7;6,7;5,2;890,6;891,4;890,5;2,2;119,0;5,6;2768,98;0,0;
03/08/2021;1800;26,1;26,8;25,4;28,0;29,0;27,0;6,4;6,5;5,4;889,9;890,6;889,9;3,0;109,0;6,1;2358,99;0,0;
03/08/2021;1900;26,1;26,8;25,6;28,0;29,0;27,0;6,2;6,7;5,7;889,6;889,9;889,5;2,9;119,0;5,9;1675,93;0,0;
03/08/2021;2000;25,4;26,4;25,4;29,0;29,0;27,0;5,8;6,5;5,3;889,6;889,6;889,5;2,1;170,0;5,7;1047,74;0,0;
03/08/2021;2100;23,3;25,4;23,3;34,0;35,0;29,0;6,7;6,7;5,8;890,0;890,0;889,6;1,9;140,0;5,3;256,59;0,0;
03/08/2021;2200;19,1;23,4;19,1;50,0;50,0;34,0;8,4;8,4;6,7;890,3;890,3;890,0;0,8;150,0;4,1;;0,0;
03/08/2021;2300;17,7;19,6;17,6;58,0;58,0;48,0;9,2;9,2;8,3;890,8;890,8;890,3;0,9;164,0;1,7;;0,0;
04/08/2021;0000;20,4;20,5;17,7;45,0;58,0;45,0;8,2;9,3;8,2;891,4;891,4;890,8;1,7;124,0;3,2;;0,0;
04/08/2021;0100;20,0;20,8;20,0;45,0;45,0;43,0;7,7;8,2;7,5;891,7;891,7;891,4;1,6;137,0;4,1;;0,0;
04/08/2021;0200;19,3;20,1;19,2;46,0;46,0;44,0;7,3;7,7;7,2;891,7;891,7;891,6;2,1;117,0;4,3;;0,0;
04/08/2021;0300;15,9;19,4;15,9;61,0;61,0;46,0;8,5;8,6;7,3;891,4;891,7;891,3;1,0;152,0;3,7;;0,0;
04/08/2021;0400;14,3;16,2;14,3;67,0;67,0;59,0;8,4;8,5;8,0;891,0;891,4;891,0;0,9;143,0;2,2;;0,0;
04/08/2021;0500;16,7;16,8;14,0;56,0;69,0;56,0;7,9;8,6;7,9;890,5;891,0;890,5;1,3;108,0;3,2;;0,0;
04/08/2021;0600;13,4;16,7;13,2;70,0;71,0;56,0;8,0;8,3;7,6;890,3;890,5;890,3;0,5;39,0;2,9;;0,0;
04/08/2021;0700;13,1;13,4;12,4;70,0;74,0;70,0;7,8;8,2;7,7;890,0;890,3;889,9;0,9;122,0;1,5;;0,0;
04/08/2021;0800;12,4;13,4;12,2;76,0;76,0;70,0;8,3;8,5;7,8;890,2;890,2;889,9;0,9;125,0;1,6;;0,0;
04/08/2021;0900;12,8;12,9;11,9;74,0;79,0;74,0;8,4;8,7;8,0;891,1;891,1;890,2;1,3;174,0;3,6;;0,0;
04/08/2021;1000;14,1;14,5;12,9;68,0;74,0;65,0;8,2;8,4;7,6;891,8;891,8;891,1;1,9;138,0;4,1;18,38;0,0;
04/08/2021;1100;17,6;17,6;14,1;54,0;68,0;54,0;8,2;8,4;8,1;892,4;892,4;891,8;2,1;134,0;3,4;538,74;0,0;
04/08/2021;1200;19,3;19,7;17,6;47,0;54,0;47,0;7,8;8,5;7,7;893,2;893,2;892,4;3,4;115,0;5,9;1359,41;0,0;
04/08/2021;1300;20,5;21,0;19,3;44,0;48,0;43,0;7,7;8,4;7,7;893,6;893,6;893,2;3,0;82,0;6,4;2085,68;0,0;
04/08/2021;1400;22,7;23,0;20,3;39,0;45,0;38,0;7,9;8,3;7,6;893,4;893,6;893,4;3,0;53,0;5,9;2615,96;0,0;
04/08/2021;1500;24,9;24,9;22,3;29,0;39,0;29,0;5,9;8,1;5,9;892,8;893,4;892,8;3,4;97,0;6,9;2899,29;0,0;
04/08/2021;1600;25,7;25,7;23,9;28,0;32,0;28,0;6,0;6,7;5,1;892,1;892,8;892,1;2,7;48,0;6,8;2995,44;0,0;
04/08/2021;1700;25,2;25,7;23,9;28,0;30,0;27,0;5,2;5,9;4,8;891,2;892,1;891,2;2,1;121,0;6,8;2657,47;0,0;
04/08/2021;1800;25,3;26,2;23,9;26,0;28,0;25,0;4,6;5,3;3,7;890,7;891,3;890,7;1,7;89,0;5,4;2037,91;0,0;
04/08/2021;1900;25,6;26,5;24,6;27,0;28,0;25,0;5,3;5,8;4,1;890,4;890,7;890,4;2,3;124,0;5,4;1721,98;0,0;
04/08/2021;2000;24,5;25,6;24,4;30,0;30,0;27,0;5,7;5,7;5,0;890,5;890,5;890,3;2,9;113,0;5,8;929,14;0,0;
04/08/2021;2100;23,0;24,9;23,0;32,0;32,0;29,0;5,6;6,1;5,3;891,1;891,1;890,5;2,6;103,0;6,2;257,34;0,0;
04/08/2021;2200;21,2;23,0;21,2;39,0;39,0;32,0;6,7;6,8;5,6;891,5;891,5;891,1;2,0;113,0;5,3;;0,0;
04/08/2021;2300;20,8;21,2;20,6;38,0;39,0;37,0;5,7;6,6;5,7;892,0;892,0;891,5;3,0;109,0;6,2;;0,0;
05/08/2021;0000;19,8;21,1;19,8;40,0;40,0;37,0;6,0;6,0;5,6;892,6;892,6;892,0;3,0;96,0;6,9;;0,0;
05/08/2021;0100;19,5;20,0;19,3;42,0;43,0;40,0;6,2;6,2;6,0;893,0;893,1;892,6;3,7;102,0;7,5;;0,0;
05/08/2021;0200;19,0;19,6;18,9;44,0;44,0;41,0;6,5;6,5;6,1;893,2;893,3;893,0;3,8;105,0;8,1;;0,0;
05/08/2021;0300;18,1;19,1;18,0;48,0;48,0;44,0;6,9;6,9;6,5;893,1;893,2;893,1;2,8;107,0;6,4;;0,0;
05/08/2021;0400;17,5;18,2;17,4;49,0;49,0;48,0;6,7;6,9;6,6;892,8;893,1;892,8;4,3;96,0;7,5;;0,0;
05/08/2021;0500;16,8;17,5;16,8;52,0;52,0;49,0;6,8;6,9;6,7;892,4;892,8;892,4;4,5;96,0;9,1;;0,0;
05/08/2021;0600;16,4;16,9;16,4;54,0;54,0;52,0;7,0;7,2;6,8;892,0;892,4;892,0;4,3;96,0;9,1;;0,0;
05/08/2021;0700;15,8;16,4;15,7;56,0;56,0;54,0;7,0;7,0;6,9;891,9;892,0;891,8;4,1;99,0;8,0;;0,0;
05/08/2021;0800;14,9;15,8;14,6;60,0;61,0;56,0;7,2;7,2;6,9;892,1;892,1;891,8;3,5;110,0;7,2;;0,0;
05/08/2021;0900;14,0;14,9;14,0;63,0;63,0;60,0;7,0;7,2;7,0;892,9;892,9;892,1;3,4;100,0;6,3;;0,0;
05/08/2021;1000;14,0;14,0;13,5;65,0;66,0;63,0;7,5;7,5;7,0;893,7;893,7;892,9;3,8;93,0;6,1;16,59;0,0;
05/08/2021;1100;15,5;15,5;14,0;62,0;65,0;61,0;8,2;8,2;7,5;894,4;894,4;893,7;3,6;91,0;8,0;540,12;0,0;
05/08/2021;1200;16,8;17,1;15,5;58,0;62,0;57,0;8,5;8,8;8,0;895,0;895,1;894,4;3,8;88,0;7,0;1312,63;0,0;
05/08/2021;1300;19,4;19,7;16,8;50,0;59,0;50,0;8,7;9,4;8,5;895,3;895,3;895,0;4,9;94,0;7,9;1898,20;0,0;
05/08/2021;1400;20,2;20,6;18,9;46,0;52,0;46,0;8,3;9,0;7,9;895,1;895,3;895,1;4,7;93,0;9,7;2632,72;0,0;
05/08/2021;1500;21,5;22,3;20,0;42,0;46,0;41,0;8,0;8,7;7,7;894,3;895,1;894,2;4,2;90,0;9,3;2828,67;0,0;
05/08/2021;1600;21,8;22,7;20,9;38,0;43,0;36,0;6,7;8,2;6,7;893,6;894,3;893,5;4,5;110,0;8,7;2490,41;0,0;
05/08/2021;1700;22,8;23,8;21,7;34,0;39,0;31,0;5,9;7,5;5,1;892,8;893,6;892,8;3,6;94,0;9,0;2850,33;0,0;
05/08/2021;1800;23,2;23,5;22,5;33,0;35,0;32,0;6,1;6,4;5,3;891,7;892,8;891,7;4,2;78,0;8,3;2363,24;0,0;
05/08/2021;1900;23,3;23,8;22,5;31,0;34,0;30,0;5,3;6,5;4,4;891,5;891,8;891,5;3,5;62,0;8,5;1896,70;0,0;
05/08/2021;2000;;;;;;;;;;891,8;891,8;891,4;3,0;110,0;9,4;;;
05/08/2021;2100;20,5;22,0;20,5;37,0;38,0;33,0;5,5;5,6;4,9;892,5;892,5;891,8;3,1;112,0;7,0;199,81;0,0;
05/08/2021;2200;19,3;20,6;19,3;43,0;43,0;37,0;6,5;6,5;5,5;892,7;892,7;892,4;3,0;120,0;5,9;;0,0;
05/08/2021;2300;18,5;19,4;18,4;46,0;47,0;43,0;6,8;6,8;6,4;893,6;893,6;892,7;2,2;117,0;6,6;;0,0;
06/08/2021;0000;17,8;18,5;17,7;48,0;48,0;46,0;6,5;6,8;6,4;894,2;894,2;893,6;2,4;112,0;5,0;;0,0;
06/08/2021;0100;16,8;17,9;16,6;52,0;52,0;47,0;6,8;6,9;6,4;894,5;894,6;894,2;1,7;125,0;4,8;;0,0;
06/08/2021;0200;16,0;16,9;15,4;53,0;56,0;51,0;6,5;6,8;6,5;894,6;894,6;894,5;1,6;132,0;3,2;;0,0;
06/08/2021;0300;15,6;16,2;14,7;54,0;58,0;53,0;6,4;6,6;6,3;894,4;894,7;894,4;1,9;139,0;3,2;;0,0;
06/08/2021;0400;15,3;15,7;14,8;57,0;57,0;54,0;6,9;6,9;6,3;894,0;894,4;894,0;2,3;127,0;4,6;;0,0;
06/08/2021;0500;15,5;15,7;15,3;59,0;60,0;57,0;7,6;7,6;6,9;893,5;894,0;893,5;3,2;118,0;5,5;;0,0;
06/08/2021;0600;15,0;15,5;14,9;64,0;64,0;59,0;8,3;8,3;7,6;893,0;893,5;893,0;3,1;102,0;6,3;;0,0;
06/08/2021;0700;14,6;15,1;14,6;69,0;69,0;64,0;9,0;9,1;8,3;892,9;893,0;892,9;3,3;106,0;6,8;;0,0;
06/08/2021;0800;14,1;14,6;14,1;75,0;75,0;69,0;9,6;9,6;9,0;893,1;893,1;892,8;4,3;105,0;7,2;;0,0;
06/08/2021;0900;13,6;14,1;13,5;81,0;81,0;74,0;10,4;10,4;9,6;893,4;893,5;893,1;5,1;105,0;9,0;;0,0;
06/08/2021;1000;13,7;13,7;13,5;84,0;84,0;81,0;11,1;11,1;10,4;894,1;894,1;893,4;5,5;94,0;10,5;14,89;0,0;
06/08/2021;1100;14,2;14,2;13,6;82,0;85,0;82,0;11,2;11,3;11,1;894,8;894,8;894,1;5,5;85,0;10,9;218,43;0,0;
06/08/2021;1200;15,8;15,8;14,2;76,0;82,0;75,0;11,6;11,6;11,2;895,5;895,5;894,8;4,3;87,0;8,7;772,01;0,0;
06/08/2021;1300;17,2;17,3;15,7;70,0;76,0;69,0;11,6;11,8;11,3;895,9;896,0;895,5;3,8;95,0;9,1;1299,95;0,0;
06/08/2021;1400;18,7;19,5;17,2;63,0;70,0;62,0;11,4;12,1;11,3;895,5;896,0;895,5;4,5;91,0;8,4;1809,66;0,0;
06/08/2021;1500;19,8;20,4;18,3;59,0;65,0;57,0;11,4;12,2;10,9;894,7;895,5;894,6;4,4;104,0;8,3;2451,01;0,0;
06/08/2021;1600;20,8;21,3;19,4;52,0;59,0;52,0;10,6;11,7;10,6;893,8;894,7;893,8;4,3;100,0;8,6;2518,09;0,0;
06/08/2021;1700;21,9;22,2;20,3;49,0;54,0;48,0;10,6;11,4;10,1;892,9;893,8;892,9;3,5;77,0;8,2;2407,87;0,0;
06/08/2021;1800;22,6;22,9;21,3;44,0;49,0;43,0;9,7;10,6;8,7;892,3;892,9;892,2;3,5;96,0;7,4;1953,95;0,0;
06/08/2021;1900;21,5;22,5;21,2;44,0;47,0;43,0;8,8;9,7;8,6;892,0;892,3;891,9;3,3;96,0;7,0;1001,88;0,0;
06/08/2021;2000;20,8;21,5;20,8;48,0;48,0;43,0;9,4;9,4;8,3;892,1;892,1;891,9;4,2;101,0;7,1;429,17;0,0;
06/08/2021;2100;20,1;20,8;20,1;52,0;52,0;48,0;10,0;10,0;9,5;892,3;892,3;892,0;3,1;68,0;7,8;80,06;0,0;
06/08/2021;2200;19,6;20,1;19,6;53,0;54,0;52,0;9,8;10,0;9,6;892,6;892,6;892,2;2,4;62,0;6,2;;0,0;
06/08/2021;2300;19,2;19,6;19,2;53,0;55,0;53,0;9,3;9,8;9,3;892,8;892,8;892,5;2,1;79,0;5,2;;0,0;
07/08/2021;0000;18,4;19,3;18,2;56,0;56,0;51,0;9,4;9,4;8,9;893,2;893,2;892,8;1,4;76,0;4,5;;0,0;
07/08/2021;0100;17,9;18,4;17,9;55,0;56,0;53,0;8,6;9,4;8,5;893,4;893,5;893,1;2,4;104,0;4,4;;0,0;
07/08/2021;0200;17,0;17,9;17,0;58,0;58,0;55,0;8,6;8,7;8,6;893,0;893,4;893,0;1,6;108,0;4,0;;0,0;
07/08/2021;0300;15,7;17,0;14,8;63,0;65,0;58,0;8,7;8,8;8,3;892,6;893,1;892,6;1,4;106,0;2,8;;0,0;
07/08/2021;0400;15,8;16,9;15,7;63,0;64,0;57,0;8,9;9,0;8,3;892,6;892,7;892,4;2,0;135,0;4,8;;0,0;
07/08/2021;0500;15,7;16,1;15,7;65,0;65,0;62,0;9,2;9,2;8,7;891,9;892,6;891,9;3,8;108,0;6,6;;0,0;
07/08/2021;0600;15,0;15,7;15,0;69,0;69,0;65,0;9,4;9,4;9,2;891,5;892,0;891,5;4,2;100,0;9,5;;0,0;
07/08/2021;0700;14,4;15,0;14,4;72,0;72,0;69,0;9,5;9,6;9,4;891,6;891,7;891,4;3,3;109,0;9,5;;0,0;
07/08/2021;0800;14,0;14,5;14,0;74,0;74,0;72,0;9,4;9,5;9,3;891,7;891,8;891,5;2,9;107,0;6,9;;0,0;
07/08/2021;0900;13,6;14,0;13,6;76,0;76,0;74,0;9,4;9,5;9,4;892,4;892,4;891,6;1,8;120,0;5,8;;0,0;
07/08/2021;1000;13,6;13,7;13,4;76,0;76,0;75,0;9,4;9,4;9,3;892,7;892,7;892,4;3,1;97,0;6,7;13,34;0,0;
07/08/2021;1100;14,0;14,1;13,6;74,0;76,0;74,0;9,5;9,7;9,4;893,4;893,4;892,7;2,5;117,0;4,8;247,97;0,0;
07/08/2021;1200;14,9;15,0;14,0;71,0;75,0;70,0;9,8;9,8;9,5;894,0;894,0;893,4;3,8;102,0;6,5;650,91;0,0;
07/08/2021;1300;16,0;16,3;15,0;67,0;71,0;66,0;9,8;10,0;9,5;894,5;894,6;894,0;4,3;102,0;7,9;1266,04;0,0;
07/08/2021;1400;17,0;17,5;15,9;63,0;67,0;62,0;10,0;10,3;9,6;894,1;894,6;894,1;4,1;101,0;7,9;1752,45;0,0;
07/08/2021;1500;18,6;19,6;17,0;58,0;64,0;55,0;10,1;10,8;9,7;893,4;894,1;893,4;4,2;79,0;8,3;2349,81;0,0;
07/08/2021;1600;20,1;20,4;18,5;53,0;58,0;52,0;10,2;10,5;9,6;892,6;893,5;892,6;3,9;72,0;8,3;2247,97;0,0;
07/08/2021;1700;20,1;21,1;19,5;51,0;53,0;49,0;9,7;10,3;9,4;891,7;892,6;891,7;3,1;86,0;8,0;1851,55;0,0;
07/08/2021;1800;22,0;22,1;20,0;44,0;51,0;44,0;9,3;10,0;9,3;891,1;891,7;891,0;3,5;90,0;6,7;1848,80;0,0;
07/08/2021;1900;20,4;22,0;20,4;48,0;49,0;44,0;8,9;9,6;8,7;890,5;891,1;890,4;3,7;91,0;7,1;1248,39;0,0;
07/08/2021;2000;20,2;20,7;20,2;47,0;48,0;46,0;8,4;9,1;8,4;890,4;890,7;890,3;3,4;93,0;6,6;475,19;0,0;
07/08/2021;2100;19,4;20,3;19,3;50,0;51,0;47,0;8,8;8,9;8,4;890,2;890,6;890,0;3,0;88,0;6,9;180,72;0,0;
07/08/2021;2200;18,6;19,4;18,6;54,0;54,0;50,0;9,0;9,1;8,7;891,1;891,1;890,2;3,0;97,0;6,3;;0,0;
07/08/2021;2300;17,9;18,6;17,8;57,0;57,0;54,0;9,3;9,3;9,0;891,8;891,8;891,1;2,4;107,0;5,5;;0,0;
08/08/2021;0000;17,1;17,9;17,1;61,0;61,0;57,0;9,5;9,5;9,3;892,0;892,0;891,7;2,6;113,0;5,1;;0,0;
08/08/2021;0100;16,4;17,2;16,4;63,0;63,0;60,0;9,4;9,5;9,4;892,2;892,5;891,9;2,8;104,0;6,7;;0,0;
08/08/2021;0200;16,1;16,7;16,1;64,0;64,0;62,0;9,3;9,5;9,2;892,6;893,0;892,2;1,8;124,0;6,2;;0,0;
08/08/2021;0300;13,6;16,2;13,6;74,0;74,0;64,0;9,0;9,6;9,0;892,4;893,0;892,4;1,5;133,0;3,5;;0,0;
08/08/2021;0400;12,4;14,5;12,4;79,0;79,0;72,0;8,9;9,6;8,9;891,9;892,4;891,8;1,1;155,0;2,5;;0,0;
08/08/2021;0500;13,4;13,4;11,3;77,0;85,0;77,0;9,4;9,6;8,7;891,6;891,9;891,5;1,8;131,0;2,8;;0,0;
08/08/2021;0600;13,5;13,7;13,2;76,0;77,0;76,0;9,4;9,6;9,2;891,0;891,6;891,0;2,2;116,0;4,3;;0,0;
08/08/2021;0700;13,4;13,7;13,4;76,0;76,0;74,0;9,2;9,4;9,1;890,8;891,0;890,6;2,3;121,0;6,5;;0,0;
08/08/2021;0800;13,7;13,7;13,2;73,0;77,0;73,0;9,0;9,2;9,0;891,0;891,0;890,8;2,7;122,0;4,9;;0,0;
08/08/2021;0900;13,4;13,8;13,2;73,0;74,0;73,0;8,7;9,0;8,7;891,4;891,4;891,0;2,6;107,0;5,5;;0,0;
08/08/2021;1000;13,5;13,6;13,3;72,0;74,0;72,0;8,7;8,8;8,7;892,1;892,1;891,4;2,8;111,0;5,5;23,54;0,0;
08/08/2021;1100;14,7;14,7;13,5;68,0;72,0;68,0;8,8;8,9;8,5;892,8;892,8;892,1;2,7;100,0;6,1;446,87;0,0;
08/08/2021;1200;16,4;16,4;14,6;61,0;68,0;61,0;8,9;9,0;8,4;893,3;893,3;892,8;3,4;78,0;8,3;1387,06;0,0;
08/08/2021;1300;18,3;18,5;16,1;55,0;61,0;54,0;9,0;9,3;8,4;893,3;893,4;893,2;3,4;91,0;7,1;2251,76;0,0;
08/08/2021;1400;20,8;20,9;18,3;46,0;55,0;43,0;8,7;9,3;7,9;893,0;893,3;893,0;3,7;65,0;7,1;2819,35;0,0;
08/08/2021;1500;21,9;22,0;20,5;42,0;46,0;41,0;8,3;8,8;7,8;892,1;893,0;892,1;3,2;103,0;7,1;3151,53;0,0;
08/08/2021;1600;23,2;23,2;21,6;34,0;42,0;34,0;6,5;8,5;5,6;891,1;892,1;891,1;2,0;130,0;6,9;3282,46;0,0;
08/08/2021;1700;24,1;24,1;22,5;32,0;36,0;32,0;6,5;7,3;6,0;890,1;891,1;890,1;2,8;73,0;6,0;3029,65;0,0;
08/08/2021;1800;24,3;25,0;22,9;32,0;35,0;30,0;6,3;7,0;5,7;889,5;890,1;889,4;1,9;47,0;5,4;2574,80;0,0;
08/08/2021;1900;24,3;24,6;23,5;31,0;32,0;30,0;5,9;6,4;5,2;889,2;889,5;889,2;2,3;66,0;6,0;1935,01;0,0;
08/08/2021;2000;23,6;24,4;23,5;31,0;32,0;30,0;5,7;6,3;5,4;889,4;889,5;889,2;2,4;68,0;5,4;1126,44;0,0;
08/08/2021;2100;21,7;23,6;21,7;36,0;36,0;31,0;5,8;5,9;5,3;889,7;889,7;889,4;1,9;73,0;4,6;216,84;0,0;
08/08/2021;2200;20,3;21,7;20,3;40,0;40,0;36,0;6,4;6,4;5,9;889,9;889,9;889,7;1,9;73,0;3,4;;0,0;
08/08/2021;2300;20,0;20,6;19,7;45,0;45,0;40,0;7,8;7,8;6,4;890,4;890,4;889,9;3,5;85,0;5,2;;0,0;
09/08/2021;0000;19,4;20,0;19,2;46,0;47,0;45,0;7,6;7,9;7,5;891,1;891,1;890,4;2,8;83,0;5,6;;0,0;
09/08/2021;0100;18,9;19,5;18,7;47,0;48,0;46,0;7,5;7,6;7,4;891,5;891,5;891,1;2,4;74,0;5,0;;0,0;
09/08/2021;0200;18,2;19,2;18,2;50,0;50,0;47,0;7,5;7,6;7,4;891,8;891,8;891,5;2,6;89,0;4,7;;0,0;
09/08/2021;0300;17,9;18,4;17,9;51,0;51,0;50,0;7,7;7,8;7,5;892,1;892,1;891,7;2,5;96,0;4,7;;0,0;
09/08/2021;0400;17,1;18,1;17,1;54,0;54,0;51,0;7,6;7,8;7,6;891,3;892,1;891,3;2,6;94,0;5,1;;0,0;
09/08/2021;0500;15,8;17,3;15,8;59,0;59,0;53,0;7,7;7,7;7,5;890,9;891,3;890,9;2,1;130,0;4,6;;0,0;
09/08/2021;0600;12,5;15,8;12,5;73,0;73,0;59,0;7,7;8,0;7,3;890,8;891,0;890,8;1,5;141,0;3,0;;0,0;
09/08/2021;0700;14,6;14,8;11,6;64,0;76,0;63,0;7,8;8,2;7,5;891,0;891,0;890,8;1,9;127,0;2,9;;0,0;
09/08/2021;0800;15,1;15,3;14,5;62,0;64,0;61,0;7,8;7,9;7,6;891,2;891,2;891,0;2,5;110,0;4,6;;0,0;
09/08/2021;0900;14,6;15,2;14,5;66,0;66,0;62,0;8,3;8,3;7,7;891,4;891,4;891,2;2,5;104,0;5,8;;0,0;
09/08/2021;1000;14,3;14,6;13,9;68,0;69,0;66,0;8,4;8,4;8,1;892,1;892,1;891,4;1,8;117,0;4,8;31,92;0,0;
09/08/2021;1100;16,7;16,7;14,3;64,0;68,0;63,0;9,8;9,8;8,4;892,7;892,7;892,1;2,8;92,0;5,0;643,55;0,0;
09/08/2021;1200;18,0;18,2;16,5;63,0;64,0;61,0;10,8;10,8;9,6;893,4;893,5;892,7;2,9;83,0;5,6;1492,49;0,0;
09/08/2021;1300;19,7;19,8;18,0;60,0;63,0;59,0;11,6;11,7;10,6;893,7;893,8;893,4;2,9;95,0;6,7;2249,22;0,0;
09/08/2021;1400;21,6;21,7;19,7;54,0;60,0;54,0;11,9;12,3;11,5;893,4;893,8;893,4;2,9;70,0;6,5;2813,75;0,0;
09/08/2021;1500;23,0;23,9;21,0;44,0;55,0;41,0;10,1;12,3;9,2;892,7;893,4;892,7;2,8;84,0;6,0;3223,43;0,0;
09/08/2021;1600;24,0;24,6;22,4;36,0;44,0;32,0;7,9;10,1;6,9;891,9;892,7;891,9;1,6;50,0;5,8;2631,24;0,0;
09/08/2021;1700;23,3;24,2;22,6;37,0;39,0;34,0;7,6;8,2;7,0;891,1;891,9;891,1;3,5;177,0;6,1;1655,67;0,0;
09/08/2021;1800;23,8;25,1;23,1;34,0;37,0;32,0;7,1;7,8;6,5;890,5;891,1;890,5;1,4;318,0;6,1;2480,95;0,0;
09/08/2021;1900;23,6;25,2;23,4;33,0;36,0;31,0;6,4;7,7;6,3;890,4;890,6;890,4;0,9;163,0;4,2;1014,74;0,0;
09/08/2021;2000;23,9;24,0;23,4;38,0;39,0;32,0;8,7;8,9;6,3;890,5;890,5;890,3;2,7;111,0;5,0;564,53;0,0;
09/08/2021;2100;21,8;23,9;21,8;43,0;43,0;38,0;8,8;9,0;8,1;890,5;890,6;890,5;1,6;116,0;5,0;156,44;0,0;
09/08/2021;2200;20,8;21,8;20,8;46,0;46,0;43,0;8,8;8,8;8,5;890,7;890,7;890,5;1,8;116,0;3,9;;0,0;
09/08/2021;2300;20,6;20,8;20,3;46,0;47,0;46,0;8,6;8,9;8,5;891,1;891,1;890,7;1,9;96,0;3,6;;0,0;
10/08/2021;0000;19,9;20,9;19,8;52,0;52,0;46,0;9,8;9,8;8,6;891,4;891,4;891,1;1,6;71,0;4,6;;0,0;
10/08/2021;0100;19,4;20,0;19,4;55,0;55,0;52,0;10,2;10,2;9,9;891,6;891,6;891,3;1,7;68,0;3,3;;0,0;
10/08/2021;0200;19,0;19,9;18,3;57,0;59,0;53,0;10,4;10,5;10,1;891,7;891,8;891,6;1,9;64,0;3,4;;0,0;
10/08/2021;0300;18,9;19,5;18,7;56,0;57,0;55,0;10,1;10,3;10,0;891,6;891,8;891,6;1,8;77,0;3,6;;0,0;
10/08/2021;0400;18,8;19,3;18,8;56,0;57,0;55,0;9,9;10,1;9,9;891,1;891,6;891,1;1,5;69,0;3,5;;0,0;
10/08/2021;0500;18,4;18,9;18,2;58,0;58,0;56,0;10,0;10,0;9,9;890,5;891,1;890,5;1,5;102,0;3,2;;0,0;
10/08/2021;0600;15,4;18,8;15,4;70,0;70,0;57,0;10,0;10,5;9,7;890,1;890,5;890,1;1,1;103,0;2,8;;0,0;
10/08/2021;0700;13,8;15,4;13,8;79,0;79,0;70,0;10,2;10,6;10,0;890,0;890,1;890,0;0,3;238,0;2,2;;0,0;
10/08/2021;0800;13,7;14,5;13,6;78,0;79,0;75,0;10,0;10,4;9,7;890,1;890,1;889,9;1,3;81,0;1,7;;0,0;
10/08/2021;0900;16,3;16,6;13,4;68,0;80,0;67,0;10,5;10,6;9,9;890,5;890,6;890,1;1,6;98,0;3,3;;0,0;
10/08/2021;1000;17,0;17,0;16,0;66,0;69,0;66,0;10,5;10,6;10,3;890,8;890,9;890,5;2,6;92,0;4,4;34,56;0,0;
10/08/2021;1100;18,8;18,9;17,0;61,0;66,0;60,0;11,0;11,2;10,4;891,4;891,4;890,8;2,3;66,0;4,6;633,12;0,0;
10/08/2021;1200;21,2;21,2;18,8;53,0;61,0;53,0;11,3;11,5;10,9;891,9;891,9;891,4;2,3;54,0;4,4;1478,11;0,0;
10/08/2021;1300;22,7;22,9;20,8;49,0;54,0;48,0;11,5;11,8;11,1;892,2;892,2;891,9;2,8;54,0;5,2;2227,84;0,0;
10/08/2021;1400;24,7;24,8;22,6;40,0;50,0;35,0;10,1;11,9;8,6;892,0;892,2;892,0;2,8;79,0;5,6;2788,30;0,0;
10/08/2021;1500;25,1;25,8;24,1;31,0;40,0;27,0;6,7;9,8;4,5;891,4;892,0;891,4;2,0;99,0;5,7;2860,05;0,0;
10/08/2021;1600;25,5;26,4;24,7;30,0;31,0;27,0;6,4;6,8;5,4;890,6;891,4;890,6;1,0;148,0;5,7;2574,09;0,0;
10/08/2021;1700;26,9;27,3;25,3;26,0;30,0;26,0;5,8;6,8;5,5;889,7;890,6;889,7;1,2;259,0;4,0;2971,95;0,0;
10/08/2021;1800;25,5;27,4;25,4;28,0;30,0;26,0;5,9;6,9;5,5;889,0;889,7;889,0;1,0;34,0;3,5;1207,35;0,0;
10/08/2021;1900;25,6;27,2;25,4;29,0;31,0;26,0;6,2;7,0;5,8;888,9;889,0;888,8;1,3;193,0;4,2;982,73;0,0;
10/08/2021;2000;25,4;26,6;25,4;29,0;30,0;27,0;6,1;6,8;5,9;889,0;889,0;888,9;1,8;122,0;4,0;733,38;0,0;
10/08/2021;2100;22,9;25,4;22,9;39,0;39,0;29,0;8,1;8,4;6,1;889,1;889,1;889,0;1,1;143,0;3,4;187,06;0,0;
10/08/2021;2200;21,8;22,9;20,8;42,0;47,0;39,0;8,3;8,9;8,0;889,3;889,4;889,1;1,2;141,0;2,4;;0,0;
10/08/2021;2300;20,6;21,8;19,7;45,0;49,0;42,0;8,4;9,0;8,3;889,9;889,9;889,3;1,6;106,0;2,7;;0,0;
11/08/2021;0000;19,0;20,8;18,2;52,0;56,0;45,0;9,0;9,2;8,3;890,2;890,2;889,9;1,1;132,0;2,3;;0,0;
11/08/2021;0100;16,5;19,2;16,5;63,0;63,0;52,0;9,4;9,5;9,0;890,5;890,5;890,2;0,7;339,0;1,5;;0,0;
11/08/2021;0200;17,2;17,6;16,1;59,0;64,0;58,0;9,2;9,7;9,1;890,5;890,6;890,4;1,4;126,0;2,0;;0,0;
11/08/2021;0300;17,2;18,0;16,2;59,0;63,0;57,0;9,0;9,4;9,0;890,3;890,5;890,3;1,4;120,0;2,4;;0,0;
11/08/2021;0400;15,6;17,5;15,3;67,0;68,0;58,0;9,4;9,6;8,9;889,9;890,3;889,9;1,2;137,0;2,1;;0,0;
11/08/2021;0500;15,3;16,8;15,1;66,0;70,0;62,0;9,0;10,0;9,0;889,2;889,9;889,2;0,8;157,0;2,1;;0,0;
11/08/2021;0600;15,7;16,0;14,5;64,0;69,0;64,0;8,9;9,2;8,7;888,9;889,2;888,9;1,5;131,0;2,1;;0,0;
11/08/2021;0700;13,3;15,9;13,3;74,0;74,0;64,0;8,8;9,2;8,7;888,6;888,9;888,6;1,1;118,0;2,2;;0,0;
11/08/2021;0800;13,1;13,7;12,8;77,0;78,0;74,0;9,1;9,3;8,8;888,8;888,8;888,6;0,6;67,0;2,2;;0,0;
11/08/2021;0900;12,9;13,2;12,4;78,0;80,0;76,0;9,1;9,3;8,9;889,2;889,2;888,8;0,5;276,0;1,7;;0,0;
11/08/2021;1000;14,3;14,3;12,8;72,0;78,0;72,0;9,3;9,5;9,0;889,7;889,7;889,2;0,8;142,0;1,3;39,77;0,0;
11/08/2021;1100;20,0;20,3;14,4;50,0;72,0;49,0;9,2;11,1;9,2;890,5;890,5;889,7;1,4;108,0;2,3;614,22;0,0;
11/08/2021;1200;22,6;22,6;20,0;42,0;51,0;42,0;9,1;9,8;8,5;890,8;890,9;890,5;3,0;89,0;5,3;1455,31;0,0;
11/08/2021;1300;23,7;23,9;22,1;38,0;42,0;38,0;8,6;9,1;8,4;891,2;891,2;890,8;3,0;83,0;5,9;2220,19;0,0;
11/08/2021;1400;25,0;25,7;23,5;34,0;39,0;33,0;8,2;9,2;7,7;891,1;891,3;891,0;2,4;96,0;5,5;2779,20;0,0;
11/08/2021;1500;26,4;26,5;24,9;27,0;35,0;27,0;6,1;8,6;6,1;890,4;891,1;890,4;1,9;139,0;4,5;2924,23;0,0;
11/08/2021;1600;26,7;27,3;25,8;27,0;29,0;26,0;6,4;7,2;5,6;889,4;890,4;889,4;1,2;108,0;5,4;3064,78;0,0;
11/08/2021;1700;26,0;28,2;25,9;29,0;29,0;25,0;6,7;7,0;5,3;888,4;889,4;888,2;2,4;176,0;7,1;1997,62;0,0;
11/08/2021;1800;27,5;28,1;25,9;26,0;29,0;25,0;6,1;6,9;5,8;887,9;888,4;887,9;2,5;186,0;5,5;2341,80;0,0;
11/08/2021;1900;26,7;28,6;26,6;27,0;27,0;24,0;6,2;7,1;5,7;887,7;887,9;887,6;2,6;173,0;5,9;1738,70;0,0;
11/08/2021;2000;26,7;27,8;26,6;27,0;28,0;26,0;6,4;7,2;6,0;887,6;887,8;887,6;2,5;150,0;5,4;1080,31;0,0;
11/08/2021;2100;24,6;26,7;24,6;31,0;31,0;27,0;6,4;6,5;6,0;887,9;887,9;887,6;1,3;172,0;5,2;174,77;0,0;
11/08/2021;2200;22,4;24,6;22,4;37,0;37,0;31,0;6,8;7,2;6,2;888,2;888,2;887,9;1,3;179,0;3,2;;0,0;
11/08/2021;2300;21,4;22,6;20,9;39,0;41,0;36,0;7,0;7,3;6,8;888,6;888,6;888,2;1,4;173,0;3,0;;0,0;
12/08/2021;0000;20,1;21,4;20,1;43,0;43,0;39,0;7,0;7,4;6,8;889,0;889,0;888,6;1,6;146,0;3,2;;0,0;
12/08/2021;0100;18,4;20,1;18,4;48,0;49,0;43,0;7,3;7,7;6,9;889,4;889,4;889,0;1,2;162,0;2,6;;0,0;
12/08/2021;0200;19,2;19,8;17,8;45,0;51,0;43,0;7,0;7,5;6,7;889,5;889,6;889,3;1,7;131,0;3,2;;0,0;
12/08/2021;0300;16,7;19,8;16,7;53,0;53,0;43,0;7,2;7,2;6,6;889,3;889,5;889,3;0,7;135,0;2,9;;0,0;
12/08/2021;0400;15,9;16,7;15,9;58,0;58,0;53,0;7,5;7,7;7,2;888,9;889,3;888,9;1,2;117,0;2,2;;0,0;
12/08/2021;0500;15,5;15,8;14,8;61,0;64,0;58,0;8,0;8,1;7,5;888,5;889,0;888,5;0,8;156,0;2,2;;0,0;
12/08/2021;0600;16,5;16,6;15,4;55,0;61,0;55,0;7,5;8,0;7,5;888,0;888,5;888,0;1,7;136,0;2,2;;0,0;
12/08/2021;0700;14,6;17,2;14,6;64,0;64,0;53,0;7,9;7,9;7,3;888,1;888,1;888,0;1,4;125,0;2,2;;0,0;
12/08/2021;0800;13,9;15,5;13,7;67,0;67,0;60,0;7,8;8,0;7,4;888,2;888,2;888,1;1,4;131,0;2,3;;0,0;
12/08/2021;0900;13,7;14,3;13,3;67,0;69,0;65,0;7,6;8,0;7,6;888,7;888,7;888,2;1,3;127,0;2,1;;0,0;
12/08/2021;1000;14,4;14,4;13,2;65,0;70,0;65,0;7,9;8,1;7,6;889,2;889,2;888,7;1,3;126,0;2,4;40,06;0,0;
12/08/2021;1100;22,0;22,0;14,4;38,0;65,0;38,0;6,9;9,0;6,9;889,9;889,9;889,2;1,2;100,0;2,5;636,47;0,0;
12/08/2021;1200;22,5;22,7;21,9;36,0;39,0;35,0;6,6;7,4;6,1;890,7;890,7;889,9;4,5;81,0;7,2;1491,64;0,0;
12/08/2021;1300;23,9;24,1;22,1;34,0;37,0;33,0;6,9;7,5;6,4;890,9;890,9;890,7;4,0;103,0;8,1;2258,99;0,0;
12/08/2021;1400;25,2;26,3;23,6;28,0;35,0;28,0;5,6;7,5;5,5;890,5;890,9;890,5;3,5;84,0;7,0;2833,17;0,0;
12/08/2021;1500;26,5;26,9;25,2;26,0;29,0;23,0;5,6;6,3;3,4;890,1;890,5;890,1;2,7;137,0;6,8;3140,41;0,0;
12/08/2021;1600;27,1;28,1;26,1;24,0;27,0;22,0;4,9;5,9;4,3;889,4;890,1;889,4;3,0;114,0;6,2;3172,90;0,0;
12/08/2021;1700;28,0;28,2;26,7;22,0;25,0;22,0;4,3;5,4;4,0;888,6;889,4;888,6;1,8;101,0;6,2;2934,51;0,0;
12/08/2021;1800;28,1;28,6;27,3;22,0;23,0;22,0;4,6;5,0;3,8;888,0;888,6;887,9;1,9;81,0;6,3;2532,93;0,0;
12/08/2021;1900;28,3;28,8;27,8;22,0;23,0;21,0;4,7;5,2;4,2;887,8;888,1;887,8;1,9;70,0;6,6;1926,69;0,0;
12/08/2021;2000;27,1;28,7;27,0;24,0;24,0;21,0;4,6;5,0;4,0;888,0;888,0;887,8;2,6;148,0;5,2;1110,40;0,0;
12/08/2021;2100;25,2;27,1;25,2;27,0;27,0;23,0;4,7;4,8;4,2;888,2;888,2;887,9;2,0;107,0;4,9;255,35;0,0;
12/08/2021;2200;24,0;25,1;23,7;30,0;30,0;27,0;5,2;5,2;4,6;888,5;888,5;888,2;2,4;107,0;4,7;;0,0;
12/08/2021;2300;22,7;24,1;22,7;33,0;34,0;30,0;5,7;6,0;5,2;888,8;888,8;888,5;2,2;110,0;5,0;;0,0;
13/08/2021;0000;22,5;22,9;22,2;32,0;34,0;32,0;4,9;5,7;4,9;889,5;889,5;888,8;2,9;97,0;5,1;;0,0;
13/08/2021;0100;21,5;22,5;21,5;35,0;35,0;32,0;5,3;5,3;4,8;889,9;889,9;889,5;2,5;103,0;5,4;;0,0;
13/08/2021;0200;20,7;21,5;20,5;37,0;38,0;35,0;5,6;5,9;5,3;890,1;890,1;889,9;2,7;109,0;5,3;;0,0;
13/08/2021;0300;20,0;20,7;19,9;39,0;40,0;37,0;5,7;5,8;5,6;890,0;890,1;890,0;2,3;109,0;4,4;;0,0;
13/08/2021;0400;19,6;20,0;18,4;41,0;44,0;39,0;5,8;6,1;5,7;889,6;890,0;889,6;2,3;107,0;4,2;;0,0;
13/08/2021;0500;19,1;20,0;19,1;41,0;41,0;40,0;5,5;5,9;5,5;889,3;889,7;889,3;3,1;103,0;6,3;;0,0;
13/08/2021;0600;18,8;19,5;18,8;41,0;41,0;39,0;5,4;5,6;5,0;889,2;889,3;889,1;3,8;98,0;6,8;;0,0;
13/08/2021;0700;18,2;19,0;18,2;44,0;44,0;41,0;5,6;5,8;5,4;889,2;889,2;889,0;3,2;97,0;7,0;;0,0;
13/08/2021;0800;17,4;18,4;17,4;46,0;46,0;43,0;5,7;5,7;5,6;889,3;889,3;889,1;2,8;100,0;6,2;;0,0;
13/08/2021;0900;16,4;17,4;16,3;51,0;51,0;46,0;6,2;6,2;5,7;889,5;889,5;889,3;2,4;99,0;5,0;;0,0;
13/08/2021;1000;16,8;16,8;16,1;51,0;52,0;51,0;6,5;6,6;6,2;890,1;890,1;889,5;2,3;88,0;4,5;39,86;0,0;
13/08/2021;1100;18,4;18,4;16,8;47,0;51,0;46,0;6,8;6,9;6,5;890,8;890,8;890,1;3,3;99,0;5,9;642,84;0,0;
13/08/2021;1200;20,0;20,4;18,4;43,0;47,0;42,0;7,1;7,3;6,6;891,2;891,2;890,8;2,7;90,0;6,3;1495,45;0,0;
13/08/2021;1300;21,9;21,9;19,7;40,0;44,0;40,0;7,6;7,9;6,9;891,7;891,8;891,2;3,2;89,0;7,0;2260,92;0,0;
13/08/2021;1400;23,5;23,6;21,5;36,0;41,0;35,0;7,4;7,9;6,5;891,5;891,7;891,5;4,0;78,0;7,9;2823,57;0,0;
13/08/2021;1500;24,4;24,9;23,0;34,0;36,0;32,0;7,6;7,8;6,6;890,8;891,5;890,8;4,3;99,0;7,6;3143,24;0,0;
13/08/2021;1600;25,5;25,9;24,3;30,0;34,0;29,0;6,5;7,7;6,3;890,1;890,9;890,1;3,7;84,0;7,1;3223,29;0,0;
13/08/2021;1700;26,9;26,9;25,2;26,0;30,0;26,0;5,9;6,9;5,4;889,3;890,1;889,3;2,8;100,0;6,9;3021,59;0,0;
13/08/2021;1800;26,5;27,2;25,9;26,0;27,0;25,0;5,4;6,0;4,8;888,6;889,3;888,6;3,1;70,0;7,0;2572,44;0,0;
13/08/2021;1900;26,8;27,2;26,3;26,0;27,0;25,0;5,7;5,8;5,0;888,3;888,6;888,3;2,2;131,0;6,4;1925,80;0,0;
13/08/2021;2000;26,1;26,9;25,8;27,0;28,0;25,0;5,7;6,0;5,0;888,6;888,6;888,3;1,8;143,0;8,3;1108,18;0,0;
13/08/2021;2100;24,1;26,0;24,1;30,0;30,0;27,0;5,5;5,7;5,2;889,0;889,0;888,6;2,2;113,0;4,7;272,99;0,0;
13/08/2021;2200;22,2;24,1;22,2;35,0;35,0;30,0;6,2;6,2;5,4;889,3;889,3;889,0;1,5;123,0;3,7;;0,0;
13/08/2021;2300;21,8;22,2;21,7;35,0;37,0;35,0;5,7;6,4;5,7;890,0;890,0;889,3;2,6;108,0;4,3;;0,0;
14/08/2021;0000;20,9;21,8;20,9;36,0;36,0;35,0;5,4;5,7;5,4;890,3;890,4;890,0;2,5;100,0;4,5;;0,0;
14/08/2021;0100;20,8;21,1;20,5;37,0;37,0;36,0;5,4;5,5;5,3;890,5;890,5;890,3;4,1;99,0;7,5;;0,0;
14/08/2021;0200;19,6;20,8;19,4;41,0;42,0;37,0;6,1;6,2;5,4;890,5;890,5;890,5;2,7;104,0;7,5;;0,0;
14/08/2021;0300;18,8;19,6;18,6;45,0;45,0;41,0;6,5;6,5;6,1;890,6;890,6;890,5;2,4;106,0;6,7;;0,0;
14/08/2021;0400;18,2;18,9;17,9;46,0;47,0;44,0;6,5;6,7;6,4;890,6;890,6;890,5;2,4;102,0;4,7;;0,0;
14/08/2021;0500;18,5;18,6;17,9;45,0;47,0;45,0;6,4;6,6;6,3;890,1;890,6;890,1;2,9;89,0;5,7;;0,0;
14/08/2021;0600;18,4;18,9;17,9;46,0;47,0;44,0;6,6;6,6;6,2;889,9;890,1;889,9;2,5;93,0;5,7;;0,0;
14/08/2021;0700;18,2;18,5;18,1;48,0;48,0;46,0;6,9;6,9;6,5;890,2;890,2;889,9;2,2;97,0;5,4;;0,0;
14/08/2021;0800;16,6;18,2;15,2;53,0;58,0;48,0;6,9;7,4;6,7;890,4;890,4;890,1;2,2;105,0;4,5;;0,0;
14/08/2021;0900;16,6;16,7;16,2;54,0;55,0;53,0;7,2;7,3;6,9;890,5;890,5;890,3;3,3;95,0;5,5;;0,0;
14/08/2021;1000;16,6;16,7;15,9;55,0;57,0;54,0;7,5;7,5;7,2;891,0;891,0;890,5;2,1;94,0;5,5;44,01;0,0;
14/08/2021;1100;18,6;18,8;16,6;49,0;55,0;48,0;7,5;7,7;7,4;891,5;891,5;891,0;3,4;80,0;5,6;654,53;0,0;
14/08/2021;1200;20,4;20,8;18,6;45,0;49,0;44,0;8,0;8,4;7,5;891,9;891,9;891,5;3,6;75,0;7,3;1513,77;0,0;
14/08/2021;1300;22,4;22,4;20,3;39,0;45,0;39,0;7,9;8,6;7,5;892,1;892,1;891,9;4,1;56,0;8,0;2284,17;0,0;
14/08/2021;1400;24,4;24,8;22,3;32,0;39,0;31,0;6,6;8,1;6,2;891,8;892,2;891,8;4,1;77,0;7,1;2849,80;0,0;
14/08/2021;1500;25,6;26,0;24,0;29,0;33,0;29,0;6,4;7,1;6,0;891,2;891,8;891,2;3,1;96,0;7,6;3167,45;0,0;
14/08/2021;1600;26,0;26,9;25,1;26,0;29,0;25,0;5,0;6,4;4,6;890,3;891,2;890,3;3,6;106,0;7,5;3210,96;0,0;
14/08/2021;1700;26,7;27,6;26,0;24,0;26,0;23,0;4,3;5,2;3,8;889,5;890,4;889,4;2,7;99,0;9,0;3025,02;0,0;
14/08/2021;1800;27,5;27,8;26,2;21,0;24,0;20,0;2,9;4,7;2,5;888,7;889,5;888,7;3,2;117,0;6,6;2557,25;0,0;
14/08/2021;1900;26,9;27,9;26,8;20,0;21,0;18,0;2,0;3,0;1,2;888,8;888,8;888,6;2,8;129,0;6,0;1934,94;0,0;
14/08/2021;2000;26,8;27,3;26,8;19,0;20,0;18,0;1,0;2,2;0,7;888,8;888,9;888,7;2,3;125,0;6,2;1129,54;0,0;
14/08/2021;2100;24,3;26,9;24,3;24,0;24,0;19,0;2,3;2,3;1,0;889,1;889,1;888,8;1,7;124,0;4,4;280,08;0,0;
14/08/2021;2200;22,8;24,3;22,5;27,0;28,0;24,0;2,9;3,2;2,2;889,3;889,3;889,1;1,7;111,0;3,2;;0,0;
14/08/2021;2300;22,0;22,9;21,8;30,0;30,0;27,0;3,5;3,8;3,0;889,7;889,7;889,3;1,9;105,0;3,3;;0,0;
15/08/2021;0000;21,9;22,3;21,9;30,0;31,0;30,0;3,7;3,9;3,5;890,1;890,1;889,7;2,0;100,0;3,9;;0,0;
15/08/2021;0100;21,4;22,1;20,8;32,0;33,0;30,0;4,1;4,1;3,6;890,2;890,2;890,1;2,8;95,0;4,5;;0,0;
15/08/2021;0200;20,8;21,5;20,7;36,0;36,0;32,0;5,2;5,2;3,9;890,2;890,2;890,2;2,9;87,0;5,4;;0,0;
15/08/2021;0300;20,3;21,0;20,0;38,0;39,0;36,0;5,6;5,9;5,2;889,9;890,2;889,9;2,8;103,0;5,3;;0,0;
15/08/2021;0400;20,3;20,4;20,0;38,0;39,0;38,0;5,7;5,7;5,4;889,4;889,9;889,4;3,1;96,0;5,6;;0,0;
15/08/2021;0500;19,1;20,3;18,8;42,0;42,0;38,0;5,9;5,9;5,5;888,8;889,4;888,8;2,1;100,0;5,7;;0,0;
15/08/2021;0600;19,2;19,4;18,9;42,0;43,0;41,0;5,9;6,0;5,8;888,4;888,8;888,4;2,7;94,0;5,1;;0,0;
15/08/2021;0700;19,3;19,4;18,9;42,0;43,0;42,0;6,1;6,1;5,9;888,2;888,4;888,2;2,6;79,0;5,1;;0,0;
15/08/2021;0800;18,1;19,3;18,0;48,0;48,0;42,0;6,8;6,8;6,0;888,2;888,3;888,2;1,7;91,0;4,4;;0,0;
15/08/2021;0900;17,6;18,2;17,4;51,0;51,0;48,0;7,3;7,3;6,8;888,6;888,6;888,2;1,8;87,0;3,4;;0,0;
15/08/2021;1000;18,7;18,7;17,6;47,0;51,0;47,0;7,1;7,3;7,0;889,2;889,2;888,6;2,2;83,0;3,7;42,45;0,0;
15/08/2021;1100;21,1;21,1;18,7;40,0;47,0;39,0;6,9;7,2;6,7;889,8;889,8;889,2;2,9;74,0;5,5;631,98;0,0;
15/08/2021;1200;22,7;22,9;21,1;36,0;40,0;35,0;6,9;7,3;6,7;890,4;890,4;889,8;3,6;70,0;6,1;1467,97;0,0;
15/08/2021;1300;24,7;25,0;22,7;32,0;36,0;31,0;6,9;7,6;6,5;890,4;890,4;890,4;3,4;68,0;7,6;2226,71;0,0;
15/08/2021;1400;26,2;26,5;24,5;27,0;32,0;27,0;5,8;7,0;5,2;890,0;890,4;890,0;3,2;93,0;6,2;2799,29;0,0;
15/08/2021;1500;27,4;27,6;25,8;25,0;28,0;25,0;5,5;6,4;5,2;889,3;890,0;889,3;3,0;94,0;6,2;3121,35;0,0;
15/08/2021;1600;28,3;28,3;26,8;22,0;26,0;22,0;4,7;5,9;3,9;888,5;889,3;888,5;3,5;125,0;8,2;3216,03;0,0;
15/08/2021;1700;28,0;28,7;27,0;22,0;23,0;21,0;4,1;4,6;3,3;887,8;888,6;887,8;3,9;121,0;10,5;3020,36;0,0;
15/08/2021;1800;28,6;28,9;27,5;19,0;23,0;17,0;2,4;5,0;1,3;887,2;887,8;887,2;3,9;114,0;8,1;2577,15;0,0;
15/08/2021;1900;27,7;29,1;27,7;21,0;21,0;18,0;3,2;3,9;2,1;887,1;887,2;887,0;3,9;101,0;7,0;1915,78;0,0;
15/08/2021;2000;27,3;28,1;27,3;22,0;23,0;20,0;3,8;4,4;2,6;887,2;887,2;887,1;2,4;105,0;6,8;1091,28;0,0;
15/08/2021;2100;25,2;27,4;25,2;26,0;26,0;22,0;4,3;4,3;3,2;887,5;887,5;887,2;2,3;119,0;6,2;279,29;0,0;
15/08/2021;2200;23,6;25,2;23,6;29,0;29,0;26,0;4,6;4,9;4,3;887,8;887,8;887,5;1,6;112,0;4,6;;0,0;
15/08/2021;2300;22,7;23,7;22,5;31,0;32,0;29,0;4,7;4,9;4,6;888,4;888,4;887,8;2,0;99,0;3,3;;0,0;
16/08/2021;0000;22,5;23,0;22,4;33,0;33,0;30,0;5,2;5,2;4,6;888,8;888,8;888,4;2,4;88,0;4,4;;0,0;
16/08/2021;0100;21,7;22,5;21,6;37,0;37,0;33,0;6,2;6,2;5,2;889,0;889,1;888,8;2,3;88,0;4,5;;0,0;
16/08/2021;0200;20,8;21,9;20,7;39,0;39,0;36,0;6,4;6,5;6,0;889,1;889,2;889,0;1,7;114,0;4,4;;0,0;
16/08/2021;0300;20,3;20,8;20,3;41,0;41,0;39,0;6,5;6,5;6,4;888,8;889,1;888,8;1,9;103,0;4,6;;0,0;
16/08/2021;0400;16,5;20,6;16,4;54,0;54,0;40,0;7,1;7,1;6,3;888,3;888,8;888,3;1,1;118,0;3,8;;0,0;
16/08/2021;0500;16,8;16,8;15,8;54,0;58,0;54,0;7,5;7,7;7,2;887,6;888,3;887,6;1,3;105,0;2,5;;0,0;
16/08/2021;0600;19,4;19,5;16,8;43,0;54,0;43,0;6,5;7,5;6,5;887,3;887,6;887,3;1,6;80,0;3,3;;0,0;
16/08/2021;0700;15,0;19,4;14,9;63,0;63,0;43,0;7,9;7,9;6,2;887,2;887,3;887,2;0,7;93,0;2,8;;0,0;
16/08/2021;0800;14,3;16,2;14,3;64,0;64,0;57,0;7,5;7,9;7,2;887,6;887,6;887,2;1,3;125,0;1,9;;0,0;
16/08/2021;0900;17,8;18,6;14,2;48,0;64,0;45,0;6,5;7,6;6,3;888,1;888,1;887,6;1,9;104,0;4,0;;0,0;
16/08/2021;1000;18,9;19,1;15,5;45,0;57,0;45,0;6,7;7,1;6,5;888,6;888,6;888,1;1,7;93,0;4,0;47,43;0,0;
16/08/2021;1100;20,6;20,7;18,9;40,0;45,0;40,0;6,6;7,0;6,5;889,4;889,4;888,6;3,8;78,0;6,4;655,32;0,0;
16/08/2021;1200;23,1;23,1;20,7;36,0;40,0;36,0;7,1;7,3;6,5;889,9;889,9;889,4;2,5;61,0;6,5;1509,15;0,0;
16/08/2021;1300;24,9;25,0;22,7;31,0;37,0;31,0;6,6;7,5;6,4;890,5;890,5;889,9;3,4;38,0;6,1;2265,42;0,0;
16/08/2021;1400;26,4;26,6;24,5;28,0;32,0;28,0;6,5;6,9;6,1;890,1;890,5;890,1;3,6;56,0;7,8;2792,04;0,0;
16/08/2021;1500;27,5;27,5;25,8;25,0;29,0;24,0;5,4;6,7;5,4;889,3;890,1;889,3;3,3;52,0;8,1;3086,97;0,0;
16/08/2021;1600;27,6;28,1;26,7;23,0;25,0;22,0;4,4;5,8;3,7;888,5;889,3;888,5;3,3;92,0;7,7;3188,01;0,0;
16/08/2021;1700;27,3;28,1;26,6;23,0;24,0;22,0;4,1;5,2;3,7;887,7;888,6;887,7;2,8;100,0;6,5;2823,30;0,0;
16/08/2021;1800;;;;;;;;;;;;;;;;;;
16/08/2021;1900;;;;;;;;;;;;;;;;;;
16/08/2021;2000;;;;;;;;;;;;;;;;;;
16/08/2021;2100;;;;;;;;;;;;;;;;;;
16/08/2021;2200;;;;;;;;;;;;;;;;;;
16/08/2021;2300;;;;;;;;;;;;;;;;;;
