id_municipio,qtd_primeirasdoses
2311207,7253
5205109,86512
3133758,12312
3106200,2145335
3133105,12220
3162559,8062
2307650,162138
3527405,17116
2909802,46469
4312658,14796
2919504,36244
2700300,163812
2704302,760462
3144102,18264
4202909,104031
4211900,149286
4208203,180531
4219002,16761
4208807,16332
4202602,6491
4207502,48837
2918001,122819
2930303,13259
3300936,12350
3300407,119749
3300233,29164
3548708,657871
3549904,602409
3554805,41082
4120606,39548
4127965,11854
4121000,8557
4128104,89622
4118204,122317
4311155,6109
4317103,61193
4322608,56565
4311403,68833
2313401,57037
3162104,32391
2926806,10303
2912103,17159
2901957,5673
2933604,30233
2930501,60262
2919801,29064
2413409,5945
2408102,662845
2407708,10052
2408003,221702
2411007,3714
2924009,84753
2914901,16933
2906006,48197
2905156,7626
2915601,32304
5102637,28502
5106505,27289
2604007,58089
2613909,62695
2607752,23940
2611804,26815
2616183,6366
2615409,28814
2614808,15003
2613107,29585
2603504,12444
3139003,29220
3135506,8819
3170479,2848
5201405,420735
3300456,305482
3537008,15052
1701903,4334
1720937,1473
1713205,13139
3119708,2938
2505352,3609
2511301,12196
4102505,8531
4126256,94276
4304606,276525
2111300,887252
2100477,18391
2106607,21258
2102200,18765
2100055,65750
2103000,118319
2107605,13012
4107207,33773
4113205,37633
4117602,35759
3111002,17160
3111101,15400
3128709,39425
3160405,21473
2925204,26872
4119954,24405
4124103,35192
2512101,26588
2513901,24918
2516201,49724
4304507,44279
4305108,384885
4309308,73157
4305009,7350
2503209,53165
2514503,15076
2500809,12687
2906204,19262
2919553,60286
2928406,21798
2902104,34474
1721208,15224
1716505,9325
1720499,3011
2601102,61756
3305802,120456
3305554,55773
4110805,8381
4125209,7864
4118501,72814
4113908,10569
4127601,13544
3510609,283163
3545308,36590
3157807,154664
3126000,6047
3149309,45769
3554706,7998
3520509,210932
4103057,6502
4120804,17737
2304285,47859
2210623,2923
2208908,4793
2208007,64312
2931806,8154
2909901,23000
2926400,22717
2704500,21189
2701308,11839
2701357,4103
2608750,17859
2615805,15233
1502103,85842
1502756,21522
1501303,88370
1505031,14798
1500800,350756
1504950,9267
4111555,5809
2930766,8282
2900801,14337
3542701,5863
3511102,99358
3522307,141984
3546603,29876
4104006,36825
2906824,11381
2911857,12323
2932804,12258
2912509,10345
2911105,18539
2926707,11248
3557006,87921
5105150,33253
1702406,7897
1710904,2660
1718006,1978
1708205,12745
1702554,12046
2608909,48964
2612455,10437
2608255,8393
2602803,37870
2608800,32277
2917300,16088
5002704,666778
5008305,97725
5004106,7393
5003488,7961
5003256,18987
2515807,6024
2500502,10493
3304144,94311
3105608,108013
3150802,12057
4311007,21556
4321469,2526
4110300,2276
4111506,26841
5205471,8226
5211503,84129
5205497,55318
4308003,5676
4110078,9411
4120101,3531
4106803,13487
2931103,6175
2903805,12211
2931004,10972
2501351,3137
2515104,8546
3303203,108255
3137908,3121
3160306,8043
3106408,7117
3104502,13276
3135100,44260
2500403,15573
4303509,52033
4309407,20196
2917003,25595
3120805,13354
3120904,66118
4120002,9651
2605202,46499
2502508,13384
3539509,27983
3536505,86646
3544004,26288
3533502,32892
4216404,6449
3542602,47418
3533403,46735
3522802,11980
3205200,396421
3204906,101016
3201001,12232
3203163,9803
3508009,16439
3530300,49751
3555000,57898
3143005,11875
3157401,4392
3526209,26295
3531001,1761
3161650,2445
3154101,7817
4211702,18816
4209607,11440
4202305,56863
4203303,9806
3510005,24788
3514106,20762
3550803,9074
3500808,3890
3506607,24499
1600303,333105
3149606,3403
3134400,28459
3525607,3516
1702703,2557
1300508,22169
1200203,66260
2801405,15814
2801009,13905
2807402,39036
2807600,9045
2803708,5476
4109609,31193
2101004,14665
2100808,10525
2106375,5984
2102077,6960
2113009,18506
2102556,7806
3556404,64819
3504503,77275
3543907,153499
1100205,366758
1100130,21785
1100502,6235
2707305,15973
2706703,41850
2404200,20673
2403301,4716
2409407,21436
3127206,3692
3135001,2452
3142403,6247
3136553,3487
3138351,3484
2403608,26871
2702108,10158
2701803,5665
4314001,6059
3158201,10084
3106002,7531
2925907,20305
2918753,9511
5001904,18084
5004601,14468
5007505,4277
5206206,45141
3556701,63886
3500709,35196
3527306,40988
5217302,25541
1400282,4353
3524105,32434
3526001,17267
3519253,7548
3555109,14093
2608404,10849
2607703,11497
2606606,19474
3504404,9898
3202504,9606
3202454,20043
3158953,24951
3127800,10291
3551504,21118
3518206,25789
2610509,21301
4214805,53286
4203253,2320
4219200,4687
4215653,7263
4213203,24543
3121902,3139
3118908,6863
3525201,28282
3556602,8463
3543006,14617
3547502,22635
3133808,70521
3137403,10118
3109501,9760
3107406,39653
3203056,22058
3203320,33494
3200201,24519
3540002,17250
3170909,13055
3130705,5026
3122108,3506
3165008,8836
3153707,2800
3557303,9007
3529203,21933
3138682,4494
3543600,3574
3534302,31980
3203700,14976
2616100,7124
2309458,5096
2308401,5337
3539707,2670
3507407,13157
3301900,160066
3536406,6039
3100203,18637
3152600,5767
3129707,9414
3511607,15469
3530508,55775
2705002,13924
3552304,6044
3532009,11375
3530409,4227
2601003,8206
2602209,26477
4314423,4630
3107109,29972
3501301,19960
4206207,8797
4210555,1844
4204152,2382
3304805,14572
3133600,8621
3135605,5818
3170651,3484
3171907,3885
3520608,3997
3528809,11045
3519204,5329
3106507,8094
3131109,5793
3116100,7917
3110202,4017
4218202,34181
4209904,8768
2401107,19318
2404705,11075
3535705,4931
3541505,29682
3115359,4608
3133204,8645
2207702,113824
2202539,4613
2202703,19272
2208650,7303
4310330,22026
4310405,5200
4322103,4550
2609154,11598
3127503,4042
3128253,3864
3104700,9222
3502606,5303
2203354,5148
2205359,2469
2200905,4727
2205706,22664
2103554,8001
2107456,8458
2111763,8875
4310504,5531
4313300,20552
3126505,6321
3104304,10677
3500907,2911
3521309,12638
3170503,8813
3151909,7273
4213302,4003
2202752,4892
2200509,14134
5204805,5708
2705705,15410
2702801,7392
2405801,26136
2403707,6975
2402105,1262
3532405,15554
1304062,26576
1301407,16861
4306320,2379
4302451,5290
3538204,12842
3159308,3979
2310100,6037
2307700,11929
2300507,8480
2107308,3111
2109007,15887
2206720,6306
2210904,3448
2206001,3408
2202307,14763
1200179,5387
3135076,3216
4301701,5560
4313201,17103
1300805,17356
2907558,6938
3517505,17796
2411502,15744
2408904,17044
3301108,15676
5102603,9985
5105200,8344
2209104,4941
4209003,24892
4207205,8978
3164209,5993
5220207,16733
5202155,5667
5209150,3820
5201454,2238
1304401,11284
1508084,19583
1508100,61946
2409332,3693
2912806,7193
2311959,9619
3501202,3371
3553955,12133
3519006,10330
3125804,2238
3137809,16665
3166808,11178
4127403,12739
2708709,5459
3302106,18465
4108551,2576
4125753,4998
4104428,11509
2106102,7699
2927705,20822
2203503,10897
3527009,6000
2605707,22178
4202701,4407
2924702,7577
3146008,24907
2203602,3528
2406403,2085
2103604,35929
2400703,10983
2407401,7172
1304302,10536
3505104,5343
1505304,47515
1507607,35163
5205513,15686
5210901,16584
2306306,13611
3539400,12018
3162948,5948
3512407,20334
3104403,2227
5209101,29537
1506195,15278
2903235,10679
1715002,2770
3136603,4897
3158409,2858
2310308,7566
2301950,3054
4300638,3901
4313706,26900
4313656,11168
4301107,11359
2615201,6786
4114906,6894
2929602,14689
2925105,35743
2413904,14052
2400109,7550
4303558,2487
4319505,19141
3160454,5151
2905800,22201
5101902,10452
2501609,10364
2112100,15578
1300201,7639
3139102,4604
4107603,13290
3158508,6621
5207907,8075
3132602,3096
2606101,21896
3138906,5226
1712801,1890
2107704,13190
4119301,23185
4106456,5376
2604809,8225
4128633,4448
2310951,7796
2513802,4264
2908606,17400
2922755,4696
4108106,2318
4310538,4170
4307203,4149
4219176,3715
4211751,13797
4207106,10023
3150158,6229
2105948,6035
2403202,5492
2401602,3235
2401404,7299
2611705,16436
4102208,3659
4127882,4983
2202117,3854
2201770,4899
3164605,8026
5211701,5200
5201702,14128
2902203,8136
3306206,28504
2203230,4055
2202251,2794
2202075,2605
2107100,9374
3164308,6388
3205069,20880
3120839,3651
2510709,1834
3541109,3343
2902500,10266
3154309,11907
3144508,7132
3123502,1524
3115458,4679
4203501,7119
4103040,5044
1101435,4968
4104600,11720
4123402,8951
4114351,2372
4119806,10464
2314102,9479
2312205,12262
2603926,11119
2207355,2460
4321436,8831
4316709,6780
2202737,3426
2401800,8692
2108405,6825
2913200,19549
2614600,21609
2611903,17255
4308458,4005
3136959,4489
3121100,6145
3118106,3902
2301406,9638
3112604,12267
3138674,5477
4201604,3075
4218608,5576
4306452,2709
4302402,9688
3159001,4235
3163102,3588
3164902,1685
3112000,11960
2304657,2351
1300086,5843
1300144,8909
2805901,6862
4121406,14212
4121604,5391
4116950,4704
2703403,4229
2209153,2762
2806701,16153
2806107,7762
4120507,8549
2202059,7532
2106755,11071
2110104,16028
2108454,13737
3543238,1840
5217708,14750
5205455,6997
4315149,2540
4306932,7012
4300208,5659
4319737,2083
2104503,6282
2929701,12480
2201556,3292
4101655,3025
4128559,6579
3162401,18165
3121209,6356
2608701,10054
2302404,10060
2306009,3626
2305233,7100
2805307,6736
4306056,6423
4301651,4847
4125308,4574
5200050,7959
1100056,12098
1101500,7642
4305124,5209
3157252,6707
3170578,4858
5003504,3961
5003900,2436
3142254,2894
3139706,5633
2110658,5476
5103908,4741
4203956,16706
4209854,3845
3159357,5095
3166105,2881
5107263,2407
2305357,7491
1500347,8215
4314704,8001
3303955,21740
5218706,3686
5220009,9184
3160959,4567
2502201,2305
1500503,35329
1507904,14187
1505007,9812
2313252,1654
2305902,11172
4204103,3588
4219150,2287
2307601,11573
2302602,8947
1100031,4429
1501006,7303
4108452,4235
4307500,12363
1100908,3090
4200705,7712
2903607,12189
2918506,11985
2910404,14224
3200300,11619
4316436,2311
2921807,9216
2924504,12049
4112900,2561
2606309,6048
3153301,2739
5104526,5439
3509452,5605
3551108,8467
2933257,4953
5205307,7585
2706109,8208
2414803,9311
4200309,4415
2106326,8871
5200159,1825
3533205,4681
3155207,4669
5210604,4383
5220686,5336
4306700,2671
5200555,5209
2208858,3313
2200459,4398
4313060,15547
2513851,2331
2915353,8476
2900603,3236
2914109,8103
2301257,2291
4202081,2540
3544400,2440
2511707,4059
3553609,10601
2201606,7846
4206801,2894
4303400,3872
2504405,14549
5105903,12016
2923308,6456
4207908,8288
2108801,10162
4315156,4735
2608008,11573
2505238,5081
5203807,4954
2206951,2514
3161205,5671
3503000,4723
4210407,5422
4311908,3788
5205703,2009
4212304,6545
2412906,7893
2509800,6802
2503605,5184
3501509,2511
3521101,5425
2924678,5376
4311270,1532
5006275,4585
2504207,3517
4305116,2466
3110301,11261
1711803,1541
4125902,2265
3166956,2941
2804706,5159
3133709,8826
5221908,3179
2612901,6808
3122470,2991
3163904,4133
3127388,3423
3116308,4781
2701100,6552
3135902,4115
3116001,4890
3515806,1552
3536802,5537
3108503,4342
3158904,6754
3162575,4164
2311900,2663
2202174,5281
4104105,6230
2202091,4213
4213153,2544
5200902,2733
3544202,10154
4120358,4392
2912004,8086
4307104,5369
4311643,1332
4208609,3582
5107156,1637
2907608,13029
2915403,4590
5213004,7677
2310001,2893
2700904,5007
5106703,1541
3119005,2522
2901601,9932
1715507,866
2514651,1235
1304260,7397
4311429,1903
2210052,4419
4120309,2843
2106359,3205
2205250,3394
2104107,8706
3135407,6281
4107520,1749
4112603,1127
4211256,2386
5107198,2072
2100550,4148
4218756,4102
3159100,3280
3115706,4590
4311502,5993
4305850,2089
4206652,5026
3127909,1148
4319711,1920
2801603,4355
2919009,3032
4302154,1727
4109005,3540
4300034,4116
4308656,2373
3533106,2547
5209804,2817
4201109,2870
3540259,3503
2207777,4755
2500734,1965
3115904,3256
3540408,3707
2504355,4031
3167806,3470
4204350,3888
4116604,2811
3556909,6550
1718451,1691
3516507,2342
3517307,4458
3529104,1845
3154457,5410
4306379,2520
5219506,2145
1703701,3394
3119609,2502
2201945,4755
3139250,4808
2513653,2066
3156601,6979
4313607,3261
4109500,6642
4314555,2075
4305587,2106
4308052,1803
5107776,4430
5200175,4038
3515202,8330
5208301,4139
2707008,1722
2415008,2246
5215405,3092
4306759,1651
3532843,2275
5101852,4476
5107792,2781
4120853,3378
4205175,1722
1717909,4620
2204550,3437
5214101,3466
2312601,1415
3503950,1639
2203420,3015
3555356,4571
3130655,4993
4203154,1719
2410603,2474
2208874,3175
4318424,3934
4315008,3886
4302378,1802
4314753,1868
3144672,2561
5203962,2356
5221577,2393
3143708,2524
3522000,3120
5219209,2356
2203255,3483
3549250,1569
4204756,1710
3168051,2979
2300606,2530
4215901,2693
4208955,1479
5214804,1773
4311734,2477
1709807,1391
4215687,1791
2910776,4512
3546256,1843
4200051,2563
5204201,1254
2102309,14378
2108702,12161
3171204,83972
3113008,13418
3306305,229545
3519071,186648
4101408,105477
4319307,4844
4314902,1170306
2906402,6622
2910800,429698
2708402,21333
2704609,6700
3541000,276023
3508900,3551
3530102,24633
3523909,148012
3120300,3954
4205407,453948
4215455,8897
4217709,20714
4216602,204406
5107305,12418
5103007,15785
3301702,550663
3303401,144836
3509106,6453
4113700,443994
3300605,30310
4106555,3252
4318903,28030
4307708,64402
4308508,25261
3140803,11530
3127073,3697
3136702,402520
3104007,80912
3152501,128881
2915809,17009
2401453,19123
2400505,15152
2402204,23658
2912707,14702
2914406,18700
5102850,5532
2604502,15219
2611606,1361528
2612505,66905
3131307,185886
3118304,93841
3127370,2687
3302254,25046
3552205,584374
1705557,3241
1703800,5330
1709500,61039
1711902,7574
3109303,16717
3137700,14114
2503001,14415
2505709,7932
4108809,23744
4321709,13752
4307831,2301
2101608,54200
2111052,7091
2106904,16619
4127700,117813
4123105,2901
3145802,2444
3167202,156391
3169901,81142
2919157,19970
2917706,24041
4114005,11078
4118907,9037
4127106,60691
4125357,5105
4211306,60922
4205902,53418
4115754,7747
2512507,34820
4320206,9399
2506905,19816
2504074,3386
2513927,3222
1700350,3845
1700707,6317
1718758,3744
1720200,6985
2601508,7144
2607901,481644
2603454,109483
2411205,22884
2410900,8399
4118402,72076
4117909,26672
3505708,230151
3126109,56990
3556305,20728
4116307,3321
2211001,696667
2210979,2116
2914604,57184
2918357,18422
4301636,11869
4317301,24465
4320404,13782
4317202,60937
2703205,17644
2708006,32989
2613602,25850
1505809,29438
1507300,18539
1505650,10152
1506203,29183
1508209,22059
2921203,19079
2932408,10907
2905909,20764
3548807,134435
3516408,127228
3510708,10217
3511300,8727
4103008,3717
4127957,6288
5103205,42627
5100300,12095
2908507,26208
1700251,1927
2707404,5233
2913101,13805
2929008,9178
5001243,6051
5005202,11099
5004809,6354
5003702,177212
5000203,13040
5002100,12910
5006606,48831
2516102,11126
5103254,15907
5101258,12191
5100805,6154
2503506,12625
2513406,12158
2504801,11905
3162906,20719
3157906,12258
2102101,24170
2100436,13999
2100303,13307
3517604,14889
2930600,9986
4101200,15909
5200605,6359
5214861,6433
5221858,121376
5214838,9616
5221551,3277
4302501,4974
4301008,17375
4322509,52147
4105201,12427
4120903,24217
2926509,10914
3554003,102472
3304151,19265
3300506,21650
3147907,83045
3161403,4100
3119302,23805
3135050,25680
3168101,5023
3109451,5149
3102803,9899
2501401,7445
2501500,17481
2513604,5197
2507903,7870
4306502,10877
4307807,25978
2911808,7286
2905602,15256
3302205,75448
1702000,6000
1718881,1990
1702208,18275
3157278,2352
4123808,9835
4117008,6061
3512803,47191
3500105,29655
3537206,9028
3552809,221683
3507902,19940
3201308,288535
3205101,69221
3201209,151766
3202405,101439
3204609,20068
3202009,5764
3202207,16456
3201506,98913
3526506,10231
3513009,195170
3504008,87795
3507001,48474
3541901,8203
3527108,62320
3158300,5924
3165404,5112
3537909,23853
3130101,33590
3147006,71313
3162955,18803
3145604,34149
4205001,11912
1600279,28346
3540853,2817
1722081,5754
2800308,507105
2803609,18977
2804102,9277
2804003,10997
4114104,19159
2111748,6141
2110609,19050
1100379,8359
1101807,4860
1100114,39452
1100064,12710
2708501,18641
2412302,8990
2403103,27648
2410009,9934
3124203,19648
3110707,10476
3168606,95949
4305355,28164
4321956,5350
4300109,13061
4310751,1701
4308201,25121
3152006,24399
2929750,8753
2919603,7810
2925758,19726
2929503,30439
2926004,33001
2917359,7602
2921302,7641
5007901,36097
5000708,16465
5208806,40908
5204003,6032
3509700,42545
3535507,35333
1400100,257410
1400456,14392
1400175,10841
1400027,6234
1400159,8800
3539806,94420
3551900,12745
2607307,21179
2614006,13307
3510807,23925
3526704,81499
3203106,9640
3203304,10878
3504602,17002
3537156,2519
3138708,4148
3156908,20772
3131208,15348
3513108,29934
3506409,6295
3136207,59633
3506904,8901
3508405,37536
3101003,8904
3508702,15391
3520806,3070
1600055,3384
3109907,9026
3148103,66864
3154804,7483
3546009,11386
3151305,9196
3135456,4943
3144359,4467
3545605,12612
3518503,13430
3539202,20702
3541703,10884
3554300,18284
2610400,15120
2305308,4725
2301851,2590
3528007,13965
3545100,4018
3104106,7007
3104908,14881
3545407,7283
3162450,8732
3113909,9373
3501152,14279
3516101,4049
3512308,13904
3108404,10966
3141207,3519
3138807,14067
3555505,3543
3504909,8933
3501103,3541
2707206,8670
3531209,6624
2606903,9338
3502309,5199
3115201,3106
2310506,12310
3536109,5865
3546504,4784
4202503,3463
3306008,68351
3502903,26813
3138401,40068
3551603,24262
3529906,15504
4215802,63194
2405108,5968
2411908,8025
2408201,22610
3116407,3676
3125507,2778
3124401,5606
3146701,4592
2204808,7230
2202026,5600
2204402,7893
3102506,3975
3130309,6244
1200807,10080
3555901,1211
3539905,5084
3534203,5113
2601607,14605
3509403,20435
3556354,8288
2303709,64856
2306603,3940
3162252,3299
3130200,8588
3513900,10329
2202109,4127
2201200,32050
2210938,5222
2105807,6474
2112274,4003
3549706,46025
4315503,12163
3106903,11823
3543709,7891
1200013,8700
1200344,6891
3508306,3598
3538105,24527
3129509,18246
3531704,3707
2205201,13392
2202729,4906
5201306,15982
5218003,32534
2700201,11030
2406700,8426
3166402,1680
3126703,16953
3131158,12401
3103207,1955
3503703,6789
3555208,1623
3504305,4182
3532108,3790
4300877,5613
3146909,11472
3161601,2836
3548203,6188
3526605,5078
3519501,5461
3115003,2365
2111003,13500
2100154,8979
2704104,14020
2702553,11359
2706901,24804
2205003,8690
2211308,26216
2200301,9690
4117800,10521
4127205,13891
3154002,18779
4305454,14245
2932002,20064
3202256,9428
4308904,13077
4308409,5701
2402402,5967
2614204,28041
4300901,5505
3300902,12037
5104203,8083
3113800,2174
3141306,3038
2703007,9606
2210003,16556
4212205,14583
3130507,9950
3110905,13454
5210208,27948
5221502,3775
5217104,19555
1302702,27838
3519808,6440
1506302,16111
2408607,3285
2403400,6187
2414605,9788
2902807,18892
2906808,26896
2916104,15877
2310605,5175
2302107,6419
3557204,9850
3132206,11200
3152907,7156
3114501,14646
3527504,2159
2109106,28502
2112407,16302
2111706,13356
2904852,13690
2403806,6911
4308102,10657
4315073,1480
2919306,7869
4304804,24626
4322251,3970
1303809,31744
1300680,11790
1300300,23698
5108907,4647
2202083,5608
3201159,9966
2400901,5120
2900504,7977
1303205,9313
3143203,16303
3147303,16053
2928307,7111
5209952,11349
2311009,3272
3165909,3631
5219001,6981
3305703,12778
3304607,7919
1507201,22618
1506161,10960
1720903,11239
1717206,2236
3302056,10272
3153103,4322
3158607,3206
2304301,3885
4302352,10640
2602100,35960
4126272,5118
4111308,2620
2906105,7591
2904506,9089
5103502,18148
2911600,17068
2933455,8443
2409100,8873
3157302,3566
5106372,13757
2516607,10798
4125456,3003
5219456,2472
5214002,12204
2901353,12015
4101002,15325
4126504,12442
5002407,22443
4104659,17022
2611309,19214
1707405,5645
1713601,4134
2110302,11722
2103125,4985
2915205,10018
2920007,3815
2921005,36829
2914307,7711
1505205,19912
2609501,24624
2604403,9682
2601805,9684
4106308,12584
4126678,9485
2300754,5320
3165560,2373
3127008,10881
3156304,6983
3165701,6620
4312443,2830
4211504,10453
2301604,4430
4121752,5269
2407252,4372
2404903,5821
4105300,8566
2206050,4617
2210359,3790
2205581,3866
2501153,1622
2603108,14780
4311627,4533
4309100,32020
5211404,6864
2109239,4008
3170602,1932
3142205,10150
1506138,48233
5219308,30585
5219803,7275
5004007,7737
3116803,6939
3149705,8806
2916807,12204
4126405,4616
4119400,18283
4212650,7353
4106704,3635
1100940,9849
1101484,4175
2508554,3190
2613404,14214
2610301,10211
2111607,13910
2804607,21675
2807204,6194
2602001,23542
2210391,2111
3203346,14075
2210375,1833
2204352,4840
2204303,7935
3154200,9189
2931400,6151
1504059,19399
1505635,6114
4309050,5807
4312617,2468
4316758,5439
3100807,3781
3114907,1949
2404101,1732
2306207,6015
2306553,7960
2612000,8586
2603702,18136
2612802,7924
2802809,11850
2800670,18529
2800506,14005
1101559,3580
4123303,6586
2803104,3856
2806008,13913
2805604,19781
4323309,3074
4102802,12567
4121356,2048
4200804,5103
3134608,14314
5003454,10165
5000807,6171
5007703,5879
5003751,8499
3143807,5104
3128501,3123
1507409,12084
3118205,5652
4314209,6370
4320651,1992
4311981,3305
2903508,14699
2601300,8405
2802205,4322
2207207,5119
2202554,3804
4219101,3049
2103752,8956
3167509,2413
3145455,4305
4307302,5459
3134509,3550
3145356,7137
2925253,11119
4202578,1705
2903102,3731
5207535,5688
3164472,4899
5216304,7386
5221700,11157
4212239,3481
4302238,1877
5101407,16830
3127354,2567
2902054,9446
3159803,16641
2507200,8002
2804300,6841
2927309,12725
2904001,9794
2302909,2743
3123528,6074
2502151,5613
2307403,4388
2103257,8304
2310258,3712
2302008,15173
4207403,4924
3108552,10908
2112456,9778
2313351,10121
2301703,5405
2313906,8720
4216701,11551
4117271,5574
3159902,14160
1508050,7012
4315909,5153
1501907,17624
2603900,14822
2305654,3076
4123204,2991
4120333,3249
3160603,2407
4101101,15983
4112405,7564
4304671,3690
4309555,3844
4215307,5736
2609204,7026
2918704,3091
2800209,15677
4320230,2269
2305332,2641
4128807,4887
3302908,21160
1507805,9200
1506401,3342
4320305,4375
4321832,2546
2104677,12760
2112704,9585
2201150,9699
4121109,3958
4309126,2008
2929255,15302
2920106,13366
5108956,5675
2907707,6983
4117297,2521
3554755,1510
2913408,11623
3204658,7788
2406908,8126
2919900,6057
5216908,2294
2111672,3280
1300060,2028
5221809,2437
2901700,8733
2414159,4533
5202353,2608
1502772,13425
4313391,3135
4311718,3195
4211892,2277
3149952,4916
4117214,3769
5206701,3044
2923035,8651
2702207,4263
4214300,3017
3150539,3418
5201801,8925
4101309,6116
2505303,1691
2513968,2477
4312104,3808
2515203,2607
2506707,7504
3507753,2204
3146552,4079
2102036,9857
5105580,7702
4302907,8822
4304952,2633
1720259,2166
3528700,4317
4210902,3744
2512804,6787
3532504,7984
4113452,4376
3113107,2760
5104609,8902
1400233,4522
2608057,11674
3522158,2927
4204251,13538
2504108,1937
2700508,9357
5107206,3730
2909208,9666
2409902,9912
1713304,9482
4301404,8382
2502607,4555
4128625,2635
2303956,2784
2923902,6544
1712009,2485
3123700,6905
4112959,6306
3547601,20282
3515129,2769
3529658,1793
2401651,2162
3146602,1419
3144409,4148
5008404,5448
5201504,3108
1400605,3281
3507704,4457
4200754,1631
2402501,7579
3114105,10377
3131604,5482
2102705,14038
2410256,2459
2702702,3004
3505401,6353
4200606,5318
1302108,3827
2308807,1788
4300455,3125
3204500,10574
3204401,9139
2407302,6331
2111573,2746
2407609,3250
4219606,3265
2306504,2580
2408706,3172
2309805,1586
1702158,3236
2311504,3183
3149507,2705
2205532,3868
3153905,10240
3101805,5368
3125200,2111
2310407,1834
1302009,6228
2205276,4228
2209450,1672
2805703,20038
2305704,4607
4107900,7007
4311254,4310
2106672,4175
3121704,3187
3159407,2943
2305001,3522
5104542,4546
3123106,4306
5005251,4930
4322376,2101
5222203,4232
5107750,2865
2512747,2418
3162658,3091
2101939,4064
2313500,6074
3158805,3890
2300150,1904
3110400,2593
4309654,4409
4313490,3466
2308377,1905
2604908,10019
3147501,1455
4311791,2292
2312106,3145
4315107,8281
4314076,5009
4312385,2249
2313104,5200
3549607,2733
2704906,2595
3541059,4636
2916203,7067
2413706,3382
2607109,3837
2919108,5858
5205901,7690
3149408,1678
4110904,3305
2307254,3730
2918456,3429
2206696,5524
3513850,1510
1702307,4103
1501253,2045
3165578,4803
3171402,3044
3532801,5843
3507456,2144
3138302,2432
2311231,1630
3164431,2539
3548054,6514
4318432,2365
4323770,2515
3510104,2507
3547650,1602
1717008,2811
2200277,3490
4323507,2286
3145703,1816
4214508,4695
4202131,4663
3109808,1752
2310852,2189
5106802,4376
1712157,1362
3103801,2577
2211704,3508
3102209,3724
4202875,2276
4310462,1568
5215900,3188
4306924,1151
3548401,3244
4317251,1403
2502904,4991
2201309,2420
1711951,2131
2303006,2546
4308250,1498
4323606,1308
2207959,3198
2803807,2750
2304905,2426
4206751,1747
4306130,1497
2312502,1694
4210050,1510
2517407,1920
2105427,13604
2504306,23512
2516755,2249
5217609,70569
3151800,135723
3154606,213204
3165107,5795
3303302,447070
2906873,25530
2931350,91861
2928109,30104
2923100,17031
4126108,4577
4103602,18534
4307005,85688
4313409,185594
4316600,13313
2915502,14029
2907509,36145
3520400,32320
3538709,333335
3538808,25367
3505203,25831
3126406,2879
3143302,296648
3118601,483964
4209300,131336
4218707,91366
4204202,188045
4213609,27379
4216305,21583
4217550,2670
5106299,9085
5105259,55613
3304128,10960
3532827,7599
4107736,4852
4115200,385083
4102000,28821
4105508,62356
4316907,221365
2303303,3404
2312403,7594
2912301,15014
2930105,60303
2923209,17481
2927002,25948
2929370,7624
2903201,71276
2402600,56053
3543303,96132
2932507,17388
2917607,37060
2910602,23628
2613701,82585
2604106,277458
2614501,49499
2602902,170745
2611101,271166
3506508,97489
3548906,205110
3543402,566923
3550100,29948
3138203,83613
5204508,71970
5215603,21873
3304110,16445
3513801,335154
3526902,243485
3541307,32130
1707108,4811
1715705,3269
1718907,3390
3113206,19213
3170107,259619
3147105,75178
3100906,13516
3139300,13613
2509339,3497
2503407,2830
2510600,2534
2516706,11815
4119608,27237
4103909,12248
4321667,8809
4307906,57462
4320008,104872
2110500,22944
2111201,123393
2100709,17657
2108207,27648
2112209,113036
4104808,259623
4117503,32385
4126306,13387
4104501,15591
4119509,90240
3146107,67321
3125101,40384
3121605,37523
2926608,42345
2928208,15633
2931905,38711
2917201,15147
4108601,22293
4106605,18206
4107306,5057
2516003,22642
2500700,14669
2504603,21290
2503704,50873
2510105,7834
4309753,3218
4320800,23278
4317509,62970
2308104,18479
2301901,9735
2513505,7282
2921500,33657
2911709,67071
2923357,12313
1720655,4277
1712504,3010
2600609,24072
2615300,39894
3302700,127647
3301306,35857
4119103,10142
3541604,33306
3521903,13793
3552106,34386
3147600,12644
3137106,5766
3162500,73734
3131703,94857
3170701,109332
3503901,70294
3542503,8435
3516002,10239
2207009,28909
2205409,10467
2206407,7801
2202406,9142
2927903,7887
2929800,7550
2902401,7410
2925600,11745
4306106,48194
4321451,25948
4314498,3696
2706505,9188
2702504,6840
2704401,12677
2700409,25797
2601052,13491
1508001,38468
1501451,13748
1502301,35925
1502400,132957
1504802,41293
1501808,56405
1503606,66222
1505403,12085
1503077,16757
3524402,183839
3526803,56583
4122651,4617
2925501,16225
2904902,25786
2904605,53613
2918100,29839
2922250,8373
2928000,28637
2902252,5503
3511706,13535
3510203,38287
3537800,45392
4111407,10667
4104303,78040
3507100,19880
5107958,71413
5106216,8994
5108006,9171
5106224,35433
5107925,74118
5101803,49755
5105101,23986
5100250,38308
2927606,10796
1718204,44265
1702901,6973
2600708,27285
5000609,27969
5107743,1888
5102504,62313
3300803,40564
3157203,24574
3138658,6661
2105203,7023
4314548,2338
4304655,2635
4303905,50890
2908101,14939
4107256,7078
5211206,22351
4310207,67220
4318200,16512
4308706,4865
4111100,4826
4116901,21611
4101606,20385
4123956,2654
4122503,8497
4117701,26101
2900355,12010
2914653,19109
2933059,9880
2906303,16493
2921104,17214
2502409,7352
2507309,11903
3301207,14972
3134707,8284
3102001,11934
3132404,74872
3119104,18101
3156700,99037
3170800,26819
2509701,27199
2511905,11753
4301909,13073
4318309,48472
2933109,6400
3305208,71195
3151107,8684
2600500,31930
2609006,17925
3524709,50439
3205002,368533
3203205,135015
3204955,9576
3204708,25987
3529500,5229
3556800,15163
3557105,81412
3516705,35246
3535606,27686
3548005,33175
3536208,16531
3142908,16052
3102605,32030
3505500,103963
4207304,40557
4204301,63162
3524600,13679
1600238,4928
1600105,5692
2210508,8868
2207793,2943
1200401,282323
1200708,11878
2509008,7956
2512705,14244
2804201,10484
2100873,6287
2108504,17715
2107407,11861
3524808,41690
3552700,12089
1100288,42387
1101708,8188
1100122,91657
1100106,28381
1100296,6011
1100155,26593
1100072,5727
1100452,20518
2708105,8308
2413557,4236
2408300,27039
2402006,50680
2402709,7223
2410108,5227
3147402,19354
3104205,34399
2701704,10456
2705408,5358
2700102,13784
4303004,66226
4315701,29222
3156809,11973
4321303,20603
2908903,18895
2922300,21852
2908705,14258
2917409,10986
5000906,5809
5002308,9362
5006408,6132
5204706,9577
5203500,19135
5220454,96102
3517208,9383
5213087,22235
3531100,24721
3552601,9934
1400050,10709
1400308,11142
3546405,39778
3551702,100172
3536257,2195
2600807,16513
2602605,30768
2602308,27873
2609808,11830
3201407,29886
3204104,18246
3202108,17812
3203809,11285
3200904,35348
3514957,1938
3161908,11858
3505906,50446
3544103,32424
2613008,37604
2610905,49746
4207700,6317
4213708,12211
5300108,2272598
3123601,20833
3534609,26692
3506300,10589
3129608,5478
3125952,8657
3142700,11330
3204807,8955
3204203,17124
3552007,5282
3523206,37306
3553856,5023
3523503,15731
3161502,8076
3141405,14960
3153509,6964
3152204,29563
3170305,2581
3157500,3236
3510906,2729
3547403,2298
3142601,6982
3167103,16282
3515152,16809
2614402,4362
2314003,8081
3542404,16285
3161106,35353
3102407,3287
3109105,8760
3142809,16149
3140902,14543
3111309,9724
3117306,19480
3140605,3846
3124302,20609
3548302,2668
3538501,10875
3303609,30963
4308607,27682
3114204,17612
3531407,18789
4212403,3610
4207577,2559
4201307,25063
4209508,5605
3553807,21192
3533700,3566
4208450,21936
4204509,11913
4205506,26444
3543204,3953
3169059,3575
3151602,8226
3508801,13912
2201739,4833
2201903,22195
2203453,8073
2202133,4151
3171071,4461
3132701,16003
3112901,7087
1200336,12729
3525102,36839
3305000,38124
4321402,11468
4320909,19229
4316501,5961
3304508,7672
3501004,13961
2600302,19012
3509809,4157
2305605,5470
3548609,10159
3120003,2239
3125705,11578
2203701,29253
2202901,20068
2109601,27340
3537602,60769
3107208,3945
3535101,7779
3510302,18164
2208205,13664
2202851,3411
5210109,20811
5208152,3144
2703700,3686
2703759,7545
2701209,7138
2406155,2673
2404408,7230
3169208,7013
1303403,69990
1302504,59465
4313508,40440
3518909,3785
3111705,4201
2309706,12307
2312007,4142
2301208,1551
2313757,2076
3102050,4424
2107902,12430
2112233,10920
2103505,21619
2705606,5805
2707909,5442
2201507,17120
2211209,17242
2205540,2298
2207801,15232
4110102,24350
4119004,4886
1200138,8295
3150570,5591
4305801,8380
4317004,6882
4313805,5945
2906907,16303
2603603,7948
4319000,17350
3105905,16842
3111606,21166
2701001,16385
2705507,16855
3534906,13773
4210035,5063
3111804,8320
3150604,5549
3168309,3511
2708303,15607
3544905,9518
1502855,9408
2406809,4550
2926103,12118
2923050,6817
2933158,10139
3536604,7272
3551306,2930
3169109,5692
3171030,5400
3108909,11457
4116059,8601
3301504,17131
4117057,8366
4121901,10414
2111904,6293
2106706,11925
2109304,10157
2204501,7738
2403004,6465
3536570,1721
4213807,6290
1300839,6937
4201000,6509
3124906,8485
3163201,3197
3200169,9177
3202900,9062
5102694,2885
5106265,5025
2401701,7555
2406205,4886
2100832,10345
2101251,8911
2109759,3795
2109270,11299
1300409,10634
3155009,2680
3167400,4480
2918555,3921
2308609,5974
3554409,6674
3144706,13977
3120508,8316
5211800,33846
3535408,11911
4105409,16228
1504703,41989
1501105,10840
1503200,26863
2907905,14010
1504901,17746
1507003,20385
1502509,9135
1703826,1209
1715150,1533
3108602,23424
4314803,26585
4300554,1420
2900108,6839
2911006,7072
2913457,8709
5105309,1515
3155504,12113
3145000,11643
5101605,5474
5108303,3299
2304707,7673
2513208,5346
3125408,4472
3168200,2157
2904209,7104
5218300,26349
5221197,5770
4124400,15436
5001003,21554
5003157,9853
4115101,7339
1703057,2297
1716703,5414
2608602,8771
3133402,10043
1703008,5429
2912905,14305
2919702,12217
1505437,16380
1502905,27150
1721109,4941
1503101,17272
1506708,15326
3130606,6016
3166303,5507
2309300,6012
2302305,7754
2512200,3365
2509206,10521
3159209,7026
3100708,1823
2930758,9274
4322186,1237
4315800,8444
2911907,17228
2401909,2930
4106506,19007
3164001,6038
2200707,6889
2512408,11153
2509404,10715
2508000,6910
2506400,10771
2602704,9640
3533809,2456
4320503,4951
4115606,13969
4107108,4137
2613503,25310
5221601,32830
2202455,3334
2202778,4911
2202505,7773
2108009,11230
2102507,10604
2106003,8387
3138104,5567
1501576,8632
2513307,4597
2504900,13264
5005681,9661
3116704,6097
3142007,9601
3101631,4693
1100700,6364
1100346,9819
4124020,9198
2510303,3333
4124509,4632
4116406,2979
2613206,16253
1302207,5819
2603801,14810
2205573,5108
4306809,17922
2204105,3702
5203302,23931
5204854,5736
2411056,4134
3131000,4848
3117836,5016
4305504,3517
4305173,7942
3109253,3295
2405306,5257
4108320,5839
4118105,7792
2103802,15450
2101806,4109
1100338,15205
1101757,5905
2919058,6122
2200103,4158
2204154,2123
2206605,8315
2805802,14179
2110906,8286
2102150,5372
3118502,1366
5106109,10450
4218855,2319
2612109,5560
5000856,8684
4312476,5281
4107801,4281
4323358,1900
2806206,14873
2802700,6173
4321493,2429
2208551,1913
4218905,8234
4217600,10693
2107803,22191
4112504,9271
4103024,2134
5107008,25216
5107107,13142
2114007,30277
3152709,7406
3112703,9831
5103809,2564
5107354,4007
2108256,13236
2609303,11680
3101201,5388
4306957,2396
3106804,2905
3161700,5456
2514404,3481
5220157,3915
4307450,2706
4312377,2804
2106805,10344
4218251,4985
4312054,3465
4312351,1374
4301503,5890
3110103,4255
1502939,24222
2309409,5822
2600203,14718
4312609,3970
2112852,6673
5219407,4061
1503408,7657
4309159,2587
5000252,3763
2508802,4666
2500775,6371
2306108,3988
2303808,6476
3161304,4484
1507102,11626
4204400,7962
4201257,7246
4216800,6712
5100102,4460
4316477,2449
3122801,2719
3169000,13549
1501725,9826
1500909,28004
5216809,7465
3547007,4600
3301801,10829
2502300,3923
2505907,2548
4318465,1617
4320677,7319
4314068,3589
4317954,2084
4111704,4262
2313559,4806
3100302,10631
2605459,4701
2803906,9252
5003108,3958
4209706,8485
1502004,14125
4304697,2379
1101468,1985
1507755,3220
1507961,7343
4305975,2442
4217105,3041
4217808,13652
4115507,3780
1100262,2710
4304689,7578
3201100,7443
2908804,4050
2903706,8903
4118808,10482
2918803,14261
2304608,1123
2101731,5119
2111029,7047
5100508,5527
5106653,4311
1300904,6901
2413003,4645
5205802,7499
4310652,2505
5219738,4979
2701605,11813
4217956,1594
1302900,35681
1301951,5514
5101308,7242
3527702,4096
2106300,10425
2916708,5412
3166501,3073
4204004,8388
5214507,22857
3126901,6521
3148756,5259
4116802,5691
3514924,2663
2703502,3793
2504157,5503
2517209,3864
4217154,1288
2512762,3586
4100301,8086
2303204,6409
4217303,7538
2505279,4576
2511509,9483
3524501,6362
2210300,4766
4201208,9235
5218052,3173
4113734,5887
1303502,8085
5102686,6333
2603306,7225
3116902,2536
3157104,4423
4108007,9011
4206405,9068
4321634,2266
1718501,2312
1717503,4632
2514453,4619
2511004,3152
2207553,2937
3544608,4570
3552908,4865
4215679,6087
4317806,11049
4103503,7125
4111209,9707
1703883,1494
1710508,4423
2512721,4117
4311130,2703
3171808,7903
2313708,5040
3540309,2107
1720309,2597
1716307,5218
5107578,2187
2505501,2706
4125803,7472
4103479,3690
4207601,3774
3514205,2080
3542305,3502
3148202,4736
3164100,4083
5004403,6690
3545704,5257
1600212,3982
3532207,6066
2706422,7646
2411106,2610
3143153,3505
2205557,6523
2707602,8470
4307054,2670
4320859,3532
3524204,6234
4312757,2752
3500204,3786
3122355,5092
3169505,4578
3529609,3586
5209606,3132
3550001,9386
3512704,3304
4305447,4002
4310413,1645
4219358,3936
5218789,3405
3157377,3261
4212601,2586
3520707,3442
3107901,9894
4304853,1259
2907004,7171
4118451,4428
3122900,5144
3148400,3971
1703891,2408
4103107,10031
1703867,3190
2203859,2201
2206100,6836
3100401,3564
3128600,6042
1504109,6121
4200556,2405
1101302,7533
4313011,2542
2205599,3601
2401503,3143
2604304,8458
2802403,8697
2206704,5564
4209201,2123
4109906,7087
4128658,3225
2801900,3104
5106315,1684
2104081,4495
2313005,2916
3112059,3273
5006259,3672
3528106,6369
4311601,4237
3147956,3282
4321626,1910
5005103,3287
2302057,2210
4306551,2365
4107850,4030
4317756,1734
4218954,2287
4316972,2025
3136801,2939
2404804,1852
4206603,4149
5219258,4473
5203939,2392
2404853,5488
2921609,6601
2504702,4419
2515930,3971
4122800,3453
2930006,7080
4120408,3776
4217907,6769
2512606,1450
5103858,6220
1703107,3587
1200393,6709
3127339,3226
2110807,3203
4118600,4279
2508406,2576
3112505,7106
3129103,4596
3165800,1507
4313037,4295
4207858,1796
4323408,3803
2211605,2293
3158102,3618
4323754,2725
3127057,3170
5206305,2478
4210852,2080
1501956,9766
1506104,8475
4312179,1436
4302584,1864
3166600,708
4101150,2624
1718303,4148
2303931,1844
3552551,3399
4306072,2327
3503158,2081
4128302,1865
4201273,3352
2307205,1468
4305439,2665
3145406,1825
2308203,3386
5107883,1265
4305959,3410
4103156,2713
2806909,2681
2304806,966
4322558,1663
3123403,1325
3160504,1564
4310579,1617
4312955,1709
3507209,834
4317558,1795
4214102,1800
4205605,2532
4304614,1517
2105302,188598
2112308,21332
2509156,5287
5218805,165626
2206209,23699
3106705,332525
3119401,71946
3550308,10767799
3547304,121983
2927408,2136318
2906857,8605
2902302,6957
4106902,1541144
4311809,33821
4306403,24153
4314407,270990
2913606,110909
2908200,16663
2708600,38198
2706307,50667
2706802,11651
3503208,200485
3540705,44982
1501709,90621
1501501,50055
1507458,14160
1503903,34291
3514403,38408
3522703,33400
4212700,4949
4219507,37593
4208906,132320
4209102,451401
5107602,191968
2913002,11452
2918407,140160
2932903,60504
2919207,161951
3302452,7000
3304904,647442
3304524,104159
5213103,50481
5208608,58460
3531506,16656
3535804,16395
3550209,28526
3540101,3009
4103453,14596
4102901,13194
4119905,264941
4119152,106311
4110706,47895
4106407,38780
4128534,7815
4117404,2755
4128203,43576
3305109,233951
4109401,134738
4106100,2943
3518701,254430
4322343,1747
4322301,7144
4301602,98138
4309209,210148
2307007,20248
2305506,16838
3107802,10476
2930774,18599
2919405,9657
2902005,9950
2905008,20579
2400208,39269
2414209,11816
2413508,2711
2402303,18619
3506003,309063
3536000,10228
5107859,10935
5105606,11697
5106752,32318
2616407,104812
2607653,24526
2601706,61068
2609907,47763
2606804,85451
2609105,9174
3541406,203046
3552502,437370
3101508,25526
3134004,10107
3153202,3299
3132107,11567
3118809,18368
5221403,97001
5206602,2459
5213707,6725
3534708,88582
3508207,3564
1702109,129079
1713957,2481
3108107,6706
2504850,1629
2503100,4174
2501807,67563
2507002,18300
2512002,13589
2508604,9511
2510808,85213
2508901,31110
4104907,58543
4304358,8197
4309803,3985
2109908,57734
2103406,29750
2107506,77864
2102325,31727
4103370,2993
4111803,32240
3155603,20207
3139904,11228
3139409,66612
3146750,5149
3171303,66131
3140001,50476
2909604,9681
2931202,12855
2922409,16146
2916856,11397
4210100,44244
4217402,13184
4215000,30642
4114302,20771
2511103,5558
4317707,8494
4307609,37643
2509909,6860
2506608,3740
2922102,14302
2932457,10199
2929909,35875
2919926,14797
1700301,3080
1703842,5149
1715754,5450
2610608,42273
2616209,14750
2600401,18181
3302403,158142
3520004,19069
3140159,11847
3131901,44758
3162609,5983
3132503,25407
3129301,7806
3550704,73236
3551009,277144
3553708,44516
4108205,5960
4107751,6336
4109302,10680
4121208,14473
2302503,8068
2304236,2690
2204204,5994
2206803,6456
2209807,3701
2209005,4919
2209906,5036
2205300,3766
2208403,50482
4310702,2820
4315602,156000
4304903,7648
4301057,9430
4318804,35055
2704807,9148
2703601,5123
2707701,66466
2614709,10259
2603207,18583
2602407,7876
1502707,27400
1500602,76565
1503309,42344
1508035,19696
1506112,8093
1505064,23053
1504752,13403
1508126,15688
3505609,25035
3507506,138794
3531803,52912
4122206,24356
4112108,17796
4107538,3658
2911659,6291
2928604,43225
2930709,78673
2921401,12028
2923605,16354
2912400,13310
3304201,109778
3556206,100195
3501608,193756
3549102,78232
3549409,42358
3525300,112486
2903300,4714
3511409,19077
5105622,19335
2928802,38676
2906709,18222
2923001,20027
1705607,2999
1703602,1378
2614105,25069
2610004,42836
2609709,15915
2703106,19239
3528502,74042
2930808,12801
5003207,55032
5005707,36745
5004700,20869
5005806,10397
5007950,7293
5006200,37831
5004304,13530
5104906,6091
5107065,15571
2505204,4835
2500205,4149
3149002,2333
3123809,5545
3139508,16985
3103504,96719
3101904,15450
3107000,2184
2101905,12308
2112902,19552
4100806,7652
4125704,22219
5208400,9492
5215009,7293
4321352,4451
4306767,30406
4113502,18346
4105904,18643
4124053,17442
4101903,11850
4123501,20825
4112801,9757
2917508,62358
2510402,4781
2509057,6875
3127602,9250
3101607,61586
3134202,79925
3125903,8089
3157336,6172
2501005,12681
2507804,5165
2908002,14211
2921054,8536
1706506,3789
1701002,6327
3137601,47261
3134806,5127
3135209,45689
4123857,7852
3556503,92511
4204608,172951
3506805,9226
3531605,3394
3520301,24824
3502804,164212
3203007,22123
3201605,23717
3200805,24071
3521507,6654
3502754,17761
3544251,14250
3553302,17458
3517406,34100
3534807,6424
3506102,64322
3537107,37929
3519709,63616
3127404,3679
3535903,3522
3149903,16902
3169604,21450
3110509,19619
4208401,13521
4217006,10713
4205704,23069
3500303,27749
3546306,24299
1600204,6489
1600535,11037
3148608,11858
3106606,3673
3520905,11117
2205805,18319
1704105,1594
1303007,13368
1302603,1629865
1300029,9224
2515500,10679
2510501,3003
2507101,14099
2801207,20098
2801108,3334
2807501,8504
2805505,16646
2803203,26176
2104008,11017
2100600,17624
2105401,43521
3541653,3081
1100049,70529
1100148,12578
1100189,27547
1100320,14174
1100098,22201
1100015,17125
2705903,3139
2709152,28729
2401305,10384
2414753,2820
2414506,7077
2405405,4536
2407500,6386
3135357,6637
3163805,5841
3140704,28339
2706448,9739
4319901,60874
3144375,2946
3166907,6158
3138609,13991
3139201,13455
3117900,9535
4304200,23180
4311205,15445
4302808,27630
2924652,7282
2915304,5263
5001102,35018
5007935,11277
5007307,4204
5220108,26649
5210406,36900
5222005,11653
5215207,2644
3540200,29839
3508108,14175
1400209,10658
3508603,26255
3521804,21862
3545001,14505
3514809,11337
1400472,17681
2612471,9595
3200359,5804
3200136,8164
3512100,5585
3165305,5927
3116605,24345
3102902,8931
2600054,75910
3143906,86311
3144805,87764
3529708,16590
3525706,29921
3157708,12630
3120151,3567
3205036,15963
3136652,22789
3519907,6614
3141108,30694
3102100,9380
3128808,6147
3532157,3673
3539103,15400
3201902,30497
3527603,10459
3523800,6398
3111200,42901
3140530,6207
3124500,9502
3130903,17714
3110004,30999
3151404,20338
3528908,2978
3128006,26146
3148905,3517
3172004,32024
3105400,25103
3554953,5529
3527256,2428
3512605,5046
3502101,48089
3516853,3984
3133303,15456
1600808,8227
3106655,3604
3523305,10795
2701902,4632
3556107,11737
2612406,14686
3304300,44076
3302601,35194
4300406,60041
4321105,12669
4310439,5368
3306156,8134
3504800,7509
4210506,21456
4209805,2846
3113503,7339
3153400,14406
3100500,7092
3160702,34012
3154150,5081
4204806,31929
4202206,7226
4203808,41497
2409704,25590
3135308,3615
2208106,8010
2207934,2080
3154903,10237
1200252,10314
1200328,5396
1200104,16165
1200054,6309
1200385,11427
2701506,6190
4312252,6101
4316105,7628
4321204,40090
3533601,6351
2313609,11518
2204709,11492
2202208,36224
2101707,39183
4320552,5282
4304630,49686
4304002,4031
3143450,5126
3546207,3713
1200351,10462
4215703,21141
4206009,13680
3550506,6865
3524303,61740
2209971,6477
2203305,11328
5216403,8920
2408409,4314
2414704,3821
3302304,5782
1302801,6779
3145877,6189
2310704,4934
3525854,2927
3126752,4080
3519303,27306
2112803,32021
2104073,5093
2109502,13225
2108058,10157
2104099,11102
2108603,55182
2209609,2518
2206506,6249
3130804,2338
3129004,6710
4315321,2364
1303304,11196
2916005,14830
2902906,15220
4322004,22272
2404606,9282
2406601,7046
4306429,3474
4312708,10522
5107941,6724
3112802,7168
2200400,34191
4203709,8659
4211009,7966
3515905,2514
3535002,9550
3141009,10521
5215306,13233
1303106,13419
1301852,39098
3503109,5418
1502764,5181
2404309,9095
2411403,9752
2904753,14757
3541802,2806
3301405,18829
3505807,18542
3145372,3880
3136504,6478
3117405,3391
3146404,3748
4118006,10685
2706604,4905
2707800,4652
4124707,8192
4112009,24966
2106409,10059
2101772,5934
2102903,14328
2103158,4625
2104206,9861
2915700,4965
2910503,31169
2207751,3017
2204006,3775
3517000,9272
2606705,6104
4207809,7980
5102793,7341
2209377,3896
2205953,6455
3205010,20357
3204005,15468
5200134,16558
2924306,15455
3304102,13469
3519105,9053
2925402,6263
2920601,31592
2903276,11867
4217204,34792
2304350,4267
3121258,7526
5220603,16852
4123907,9227
4107504,10443
1506500,48128
2924603,13272
2920205,8126
2925956,16500
1500859,12815
1504000,19046
1712702,1954
1718550,2891
4303673,2805
4314472,3286
4304101,2942
4303202,4184
3301157,9111
4300802,11189
4318440,2333
2615904,6385
2905206,41712
4110508,11359
5100359,3836
2915908,5433
2909109,11796
4316006,17599
4313334,1897
3539004,9162
2911402,11532
2308005,6356
2504033,4808
2514305,4304
3153806,1946
2920700,15949
2930204,26764
5208905,19303
2506806,14219
4116505,1247
4109658,4217
4107405,4657
4110052,1815
4100707,7385
4107553,2658
1718808,3033
3135704,5023
1711100,1714
2907400,3127
2909703,11306
2900207,13885
1504976,8675
2605608,16753
2605152,13471
4120705,6723
4128401,9106
1505908,17888
1505551,3344
1506559,13766
3150505,7218
3203130,12584
3202306,23128
3204559,33235
2300804,1385
2511608,5826
3132008,3359
2901809,7499
4121802,9747
4200200,8048
3104452,4107
2705804,5999
4128609,6679
4110607,11924
2502003,5225
4126009,6491
5212204,16032
2925006,16930
2111532,6456
3144607,21257
2304103,48159
3150901,4603
2501534,3825
2503902,5044
4102604,7625
3171154,4261
4105102,8411
2301000,17558
4120150,2679
4311239,2040
2608305,12038
1300706,19141
2100105,4364
2103109,7199
2104651,5403
2109205,7938
2802106,45614
2615607,21748
3203403,19753
4321857,3785
5209408,3431
2611408,10077
3169802,8806
3160108,3608
4319125,2785
3156502,3326
3108206,4328
3138005,5458
3156452,3197
3130556,4870
3126950,2901
4205209,3982
4318457,2018
1303700,8281
2615003,18269
2806404,5139
2805000,2297
2105609,8465
1100254,15690
4118303,2101
4119202,5370
2207603,7203
2200954,1997
4204558,10933
5108055,7701
3167004,1635
3101300,2328
4313086,2194
1501758,4808
1507151,12884
2804508,28463
4315958,1997
2202711,3865
1101450,2986
2102606,10424
4103800,6871
3130051,6939
5104559,3616
4106571,3396
4104451,9305
4311122,3309
4319356,3123
2805109,6491
5204409,11736
5103304,12203
5103379,7370
5105234,3880
4322806,19704
4305871,2272
4301750,4817
5100409,8735
3167707,4086
5205059,2692
1502806,19653
4208104,16545
4202800,27386
3126208,5696
4322707,20872
5105507,11047
2517001,7246
3114006,9377
5004908,4971
3108008,14151
2307502,10165
4318481,3697
3122405,4971
5206503,3313
5215702,24451
2307809,3654
2305266,3227
1505486,17415
2303659,3533
4312302,3879
4320578,1665
2300309,9046
4306734,3844
4312674,1761
4108908,5577
1101005,6247
4113106,3975
4304663,19450
4308300,7895
4103404,2265
4305934,1436
4319158,6012
4103354,4337
2932606,12122
2929404,7917
4322533,8376
4306601,29290
4305603,2829
2203206,8756
4114708,4594
3553906,5732
4208005,5565
3546900,6174
2409209,2444
1507706,15829
2307908,1835
3549201,2185
2708956,8069
3536307,11980
4218509,6034
2105989,4780
3103108,1575
3168903,5811
3500600,3488
3148301,7272
5200209,1618
4202156,2250
4117107,10236
2105906,7318
3517901,8527
2916906,8561
4313102,4923
5215256,3398
4204459,1804
5216007,2103
5201603,4075
5207105,1970
2100501,7430
3514700,9268
4202859,2968
2101350,3615
2101301,9781
2209500,2930
2902658,9989
2700706,12040
5203401,6862
5202809,2250
2503308,7589
2905503,9485
2500106,7254
5205406,17651
5203906,8511
4300471,1638
2412104,4968
3503505,3188
4205308,8838
2111631,3110
4320701,11478
2918209,10910
2514008,3421
2206753,3921
4322541,4522
1506351,16385
3513306,3140
1715259,1697
3140209,2812
4124905,4624
2105476,6578
3514601,8390
2506251,6735
4215406,3539
4300703,4826
3144201,2006
5219712,3666
4218350,3169
2515005,5458
1706258,1256
1712454,1869
1716604,7148
2205151,4512
4312138,2033
4302253,2384
1500958,13800
5104500,1932
3103603,2130
3170750,5891
1701309,3703
3554904,5388
1600550,2577
3203601,4717
1101476,2721
3146206,4605
5203104,2809
3515301,2273
3515657,1565
3171105,2876
3140555,6048
2708204,4855
2406304,8051
3164407,4780
3506201,2284
2310902,3350
3517802,6486
4219853,3088
2402808,4039
4300570,2514
3543808,7670
4300851,3437
5202601,2841
3517109,3667
3143500,9334
2922201,7711
5108857,3148
2405900,1785
3528205,3422
1200427,7865
4212254,7260
4204178,2979
2301109,10921
3166204,7819
4100202,5273
3105509,4374
3170057,8745
3110806,2819
5218102,3037
5213509,5333
2513984,3124
1506906,4276
2209872,4358
2203271,3375
3108701,3643
2300408,3723
4301073,2277
3131505,7860
3103900,7194
4308854,1376
2209351,3260
4219408,3284
2102408,6671
4300646,6078
3121803,5929
4323101,3522
5210158,2611
2514552,2803
5220702,2065
4211454,3410
4216354,3414
4308433,2029
3547908,6100
4124004,4528
2201919,4627
2401859,4454
2405009,6118
5204953,3147
3503356,1775
3534500,2171
4312807,4458
2105658,3099
4215208,3997
4213351,2543
4315354,3366
5213772,3049
5215801,2036
4301552,2977
4215604,1817
3123858,4595
4107124,2598
4305835,1214
3553203,5541
4113403,3165
4210704,1993
2514206,6129
1720002,1715
1503044,8449
4128708,5388
3547106,2657
5213053,2028
3112109,4129
3167905,3673
3172202,2119
2309003,4414
3155900,4153
2304004,3314
3129657,3673
4310876,1886
3145851,4226
2207850,2933
5108204,3465
2303600,2495
1716653,3831
2304459,1412
3136579,2659
3136108,3726
4214409,4938
4216057,5487
4121307,3023
1100601,3504
5106208,3179
2304277,1300
4209458,1274
4301875,2951
4323457,3619
4313441,1760
4205431,2207
5107297,2353
2409605,2424
2412708,4555
5210307,2164
2508703,2754
4304309,5194
1711506,2809
3509957,3699
5200852,4529
2508109,3684
5204656,2530
2201176,3236
4124301,1897
3156106,4080
5207600,4274
4310900,2963
4113429,3162
4201802,2540
5212907,2024
3103306,1733
5212253,1153
2210953,2297
3149200,3004
4322350,1044
4123824,2987
5103957,2377
4301800,4013
4120200,2728
4305371,2648
4210209,2494
5221304,2581
2800100,1789
2407203,386
2304400,4906318
2312304,9573
2103208,49335
2507507,671586
2506301,44741
5208707,1127862
3155702,12494
3300159,8940
2303501,46546
4318002,49759
4302204,5700
2932705,15701
2907103,22183
2708808,24994
3513702,28173
3533908,43050
3538907,19287
3548500,375866
1504208,173143
1505536,187282
1504422,91093
3515004,208247
3145208,73051
3162807,12304
3135803,16896
4219309,42363
4209409,34638
5104104,21473
5103403,471160
5107909,115169
5104807,21112
5106422,20297
2909307,25935
3301603,8664
3303500,554498
5218508,38380
3522505,194666
3530201,13562
4109807,42030
4122305,24084
4102406,25739
4123709,6736
4105805,184250
4108403,75916
4124806,9011
4108502,8730
4115705,32927
4127908,6653
3549805,399310
3518800,1060807
4318705,176407
4300604,144543
4323804,13218
4309704,3865
3137007,11056
3112307,30565
3157005,26810
3114303,24499
3165537,26965
2914000,37631
2913903,31034
2907202,54786
2916401,47008
2900702,119345
2412500,18751
2410504,5312
2409308,9488
3516200,287456
3538600,23780
2905107,6795
2926202,17163
2903904,42857
2910727,75382
2901007,29120
5102678,35863
5107800,14894
2608453,13269
2609600,247788
2614857,16090
2610806,14742
3522109,93659
3547809,632181
3169703,15797
3112406,5162
3148004,127894
3127701,192340
3118007,48210
3113404,65670
5201108,296622
5212303,6271
5208004,86463
3301876,27021
3525904,355916
3515509,60440
1720101,3261
1716109,38522
1707009,14810
3107505,5706
3103009,8151
2512036,3225
2511202,21018
2515302,38608
2516508,11024
2506103,9018
4111258,21345
4304408,70742
4313425,2704
4305207,10980
4302709,15519
4318507,20985
2109403,7370
4101804,115608
4127858,8672
4126603,16564
4109203,4192
3168705,62141
3127107,43447
2909406,10058
2905404,13010
2927200,22636
2914505,21345
4201406,51580
4202057,9921
4211108,6594
4113254,4605
4106001,6332
2500601,15062
4316402,30813
4305306,7636
4302006,7623
2509602,3319
2515401,7814
2922854,5408
2928703,81199
2910008,6902
1705508,21918
1706001,3605
1718899,1480
1709005,7208
2606002,103733
2414308,1894
2414407,25150
4122156,11421
3134103,4431
3120201,9923
3133006,11977
3171006,17529
3511508,38228
3503307,107579
3528403,45662
3507605,149496
3545209,100655
3515707,132046
3513207,7319
4128500,15460
4115804,38973
3524006,53325
3529005,196877
2300200,9198
2311801,13540
2306702,4365
2201002,3620
2210607,29338
2205458,3900
2205102,7957
2210656,7266
2210409,13257
2202000,14862
2207900,31141
2203107,7630
2921708,25572
4316808,108392
2706406,15908
2702900,26496
2704708,42195
2612554,9279
2605103,26311
2610103,5186
1502954,10927
3554508,32348
3555406,80751
3523107,281994
3544301,8524
4107652,93688
4117305,19519
4104402,12169
4110953,9068
2924207,8787
2901155,12434
2924108,5234
2910750,14948
3304706,28996
3523404,97741
3530706,122797
3502507,28728
2923704,22372
2927507,16347
2924058,8093
2929354,4313
3513504,89614
3554102,253511
3511003,16184
5106174,2095
2904704,24565
1703909,3051
1703073,2787
1714302,3258
2605509,8847
2608503,17743
2913309,4904
2933208,25716
2931509,16297
5005004,18683
5006903,8337
5103353,22881
5100607,7616
3305604,17248
3113305,26401
3109006,33103
3103405,25438
3169307,59748
2111102,21155
2110005,38249
2110203,25128
2104800,40826
2101202,65947
4309258,1326
3500758,4748
2910107,10113
2911204,19495
4100608,10464
4117206,4775
4112306,3759
5202502,6412
5215231,71224
5200308,21999
5215504,5859
5217401,26815
4316956,5347
4308078,3345
4127007,7756
2924801,13920
2902708,35176
2901205,15542
2512309,16406
2508307,20510
2512903,18345
3151206,41989
3154408,4205
3101706,29960
3144656,7034
3129400,4160
3169356,23728
3119500,6552
2514602,2601
2501575,6459
2929057,11268
1718865,4597
3168408,10537
3148509,5488
4128005,19713
4121703,19830
4111902,11177
4125605,34582
2606408,62974
4215554,2071
3505302,29407
3555802,7410
3202801,31301
3506359,55604
3556453,40308
3549953,13408
3509205,64290
3501905,60567
3522604,61843
3529302,69561
3546801,45249
3516309,138152
3140506,11187
3170008,7098
3123007,8938
3128303,15347
4213906,1439
4216206,60136
3500550,5309
3515186,35468
3540804,14907
1600402,14638
1600709,9124
3162005,18522
3153608,6901
3146255,3633
3100104,5624
1304203,48896
1200302,20424
1200500,26484
1200609,25980
2803401,9710
2804458,7279
2806305,10170
4104709,12580
2103703,20795
2112605,17213
2110856,5984
2105450,5033
3509601,63877
1100809,16440
1101492,10585
1100304,71722
1100023,71162
2401008,30604
2407807,17237
2407005,7777
2410207,6262
2413300,4647
2408953,7734
3162922,22394
3113602,5449
3113701,15366
2703809,12050
2704005,15330
2702405,31482
2702603,15944
2707503,13913
4310108,27136
4312401,52196
4318101,14525
3110608,23695
4300505,5658
2908408,50807
2922003,20111
2904308,8869
2921450,6549
5007802,6139
5005400,28841
5213855,2166
5209705,16963
5213806,37395
5204904,14735
5212501,146261
5211909,78782
3506706,11033
3502002,3761
3553401,21402
3537305,51407
1400704,5506
1400407,5709
3540754,19090
3528601,8234
2616308,22081
2610202,16929
3518305,26655
3510153,4197
3128105,11161
3124104,52384
3513603,18278
3513405,65436
3511201,6151
4203600,28075
4205456,21877
3124807,5683
3537404,20415
3549508,6324
3550902,11848
3543253,7957
3525805,3677
3539608,3758
3102704,6429
3519600,48950
3523602,14615
3200607,80960
2612208,52012
2607950,7431
2607802,12029
2607000,12490
2608206,10152
2605905,14735
2605806,10431
2306900,9674
3303708,32831
3303856,21823
3145307,19631
3150703,5406
3533254,3695
3550407,30824
3502200,22510
3549003,2417
3540507,7989
3533007,16463
3105004,6289
3160801,4089
3140308,3381
3107307,33352
3526407,23939
3522653,3601
3532900,7738
3137205,40543
3117876,10436
3131802,8469
2313302,12894
3534104,5195
3529807,9521
4220000,12232
4202453,17090
4211850,1707
4202008,116542
4203204,63890
4207007,39952
4202438,2764
2412401,3823
3168002,21463
3553005,10662
3128907,6935
3145901,31283
3161809,8815
2208700,6131
2209401,4750
1200435,3502
2700607,6092
2705200,11289
2707107,16875
3507803,20366
3521150,4795
2604601,17695
2302701,8841
3155108,3758
3557154,2140
3143401,18103
3515400,13486
3503406,7070
2209955,3640
2208304,22644
2202604,15276
2205607,4195
2210805,9491
2203909,49950
4321600,44391
4318408,17522
3136009,10412
3132800,1811
3145059,5467
3521606,7022
4211603,11420
4212106,12831
2200053,5364
5210000,41361
2704203,16676
2411809,2888
1303908,13874
1303569,16208
4311759,5903
4302659,4603
4305702,5407
4312906,7505
2313955,4584
2309508,6777
2102002,17300
2108306,18104
2211407,3186
3512902,7167
1302553,11388
1303601,6757
1301704,33492
2930402,12443
2907301,19994
3200102,24687
3304409,14602
2604205,22743
2615508,10169
4318606,5716
5107875,20482
5107040,56823
2702009,7474
2700805,3314
4212809,20416
4205191,1939
4213401,8092
4209177,1973
3502408,3365
3128204,7931
1304237,8887
3528304,2690
3507308,3925
1500107,113327
1500206,33060
2412609,11929
2414001,10207
2904407,5808
2929107,15626
2308302,5628
3527801,3471
3124708,2950
4125407,4575
4124608,5257
4105607,9445
2108900,11676
2109809,17552
2108108,11340
2403905,2273
2412807,6577
3504206,11269
2613800,14195
4320602,3163
3533304,2506
3553500,6793
4211801,5953
3518859,6172
3551405,12134
3305901,8110
3303807,27511
4313359,2879
1300631,9386
3201704,10170
5101704,23412
3534757,8654
2403509,6461
2107258,3613
2111508,21532
5214051,5037
2922052,9698
1301605,10025
3123908,13183
3122009,16930
3523008,3520
3527900,2313
2928901,30396
4212056,1959
2307635,3454
2311306,10850
3300225,10673
2705309,3713
3532603,8735
1503457,19130
1507953,37495
1507474,14601
1701051,1890
3150406,4268
2308500,8383
2311405,14231
4311775,5989
4321808,20427
4306205,9676
4321907,20410
2606507,13578
3541208,13458
2912202,14399
5103056,7147
5106232,12254
3202652,10545
3149804,10101
2911303,8870
2920452,7393
5108501,6867
5103601,6041
1301654,7314
2906600,10972
2509503,4316
3305158,17353
5002902,17721
5222302,4281
3112208,4013
3114402,16214
1717800,3236
1720150,1231
2900900,4082
1502152,49053
4107009,11402
2611002,23043
2301505,1072
1504604,17972
1507466,3820
1503507,23042
1708254,2392
1700400,4812
3122603,3965
3149150,6624
4107702,3260
3150000,2939
1505700,18447
2904050,11340
2917334,7935
2919959,6275
2917805,10205
4113601,3693
1301308,12870
2104057,19061
2211357,4190
2208809,12191
2210201,5056
2615706,11733
5212006,2387
5216452,2558
2500908,8757
2305209,3503
2507705,12097
3130408,4905
3161007,14290
3140852,5440
3112653,3684
3109204,6824
3117702,10580
3117801,8993
3532702,4078
1505106,37444
4120655,3467
4200101,12656
4201901,5057
4213500,18237
1101203,5748
2306405,14649
1301159,12840
2105005,12913
2708907,10314
2804904,10496
2803302,12584
2800605,22750
2201804,3396
5006358,8676
4315404,6804
4322152,3055
4216107,7241
2405603,10932
2105708,24530
2922607,7026
2931301,10168
4314787,1393
3140100,3097
3100609,9845
3120607,4714
2311603,4549
1505494,4320
1504406,16535
4306007,10544
3305133,5943
3152131,3076
3141603,8424
3152808,22355
3108255,7082
3132909,8742
2406502,15587
2410702,2619
1302306,7049
1301803,9923
2801306,26348
4127809,6618
4110201,8418
2102374,5414
4212007,5696
3115102,13881
5205208,4454
5209200,12378
4218103,3977
5002209,16894
4302303,9420
1504455,10846
1505601,5471
3116506,5906
3144904,2835
2303402,2257
2923407,16584
2933406,6436
2804409,13377
3304003,22008
2110401,10764
2112001,6405
5209937,4868
2205524,4112
2807006,3032
4214607,5823
2106508,22396
2104628,4165
2107357,10646
5103452,4774
2107001,6022
3137536,6820
3167301,2098
2601904,47418
3171501,2438
4309506,6334
4319802,6724
4320107,18148
4115408,11277
2922706,10356
2513158,5259
2806503,3045
2311264,5328
4115358,4800
4123006,10976
4310009,17099
4301859,2394
2104552,10412
2111078,11752
5204250,6698
4209151,3877
3160900,3001
3139805,10370
5103700,6757
5107768,3316
5005152,5306
3137502,15505
2514909,6235
2927101,7048
3104601,9797
4315750,3648
5106257,16310
4300661,1100
4214201,8963
4214706,8476
3158003,8760
4308805,6328
4322327,3174
3111408,6503
5103437,4227
5105002,6695
5106307,16466
2510907,9193
3129905,3000
3156403,2942
5004502,13275
4108700,4657
2506202,2462
3130002,2351
2304251,6012
3520202,9101
5201207,933
3163409,4256
4112702,9664
4314159,5873
5007976,2761
2305407,11265
4320354,4388
4315206,3179
4319406,13099
4201703,5761
2607406,4374
4305900,5513
2802502,2377
4317905,12323
1101609,6477
4122909,8572
4312005,1745
2901304,9360
2924900,6156
4310553,2660
1100924,6730
4321477,4307
4310363,2702
3305406,15392
3202553,7289
2922904,17881
4319364,1538
3514304,7428
2211506,2948
2201101,8543
2903003,11705
2611533,5374
3205150,7722
3512506,4523
2110278,7978
2109056,4193
4206900,13701
3202603,10853
2906899,7536
5212055,1834
5218607,8972
5204557,3203
4320321,2214
3141702,4222
3104809,3769
3126802,4222
2926905,7693
4109757,4955
2903953,6646
2900306,8852
2111722,4854
2101103,7868
2410306,6193
4100459,3170
5206404,12852
5212105,5810
3543105,7250
3555604,8236
2413607,2677
1503002,5442
3504701,4579
4100509,15537
2920809,7028
4215505,11216
3141504,4513
5204102,8259
3159704,2800
5205000,7215
4211405,3779
4204905,7338
4213005,2822
2203404,5393
4313953,8287
2517100,2300
5212956,3567
3139607,18753
3120706,3608
2501203,5500
2616506,9169
2210706,10152
4210001,10092
5200803,6280
5203559,7985
5200506,1718
2509396,5224
2505006,11265
2509370,2097
1504505,11404
2504504,5474
3163508,4882
2408508,3812
2925709,10044
4125555,1759
4113759,4124
4303608,4510
4302600,2758
1707702,4862
5200100,12758
2615102,5370
3521200,3260
4215356,3004
2705101,13804
4314779,2963
2409506,2876
4201950,11333
2515609,2382
1701101,3083
1721257,1335
4122107,2856
2932200,12632
2900405,8901
1720804,6019
2104602,9266
2503803,5006
3120870,5826
1502608,8456
4211876,1610
2209658,4454
4102752,2762
2103901,5217
2408805,4086
3114709,2879
2309904,1608
3545159,7858
3525409,2924
4211058,7070
4210308,6081
3123304,3818
2414100,8078
3530003,2579
2107209,6798
2202802,3873
2402907,4332
3526308,4936
3158706,1929
3127305,4733
1304104,3648
3536901,2417
3163607,2154
5205521,2705
3147808,1938
5221080,2343
4115853,4615
4315131,1503
5101001,2966
2911501,3815
3109600,3035
1721307,1391
3163300,2624
2918605,6290
2912608,2903
3111903,4474
3142304,4017
2920908,7494
4108957,6464
4110409,3802
4115903,1793
2201051,5614
3115607,1076
4100103,6053
5211305,4620
2312700,6111
2207405,3841
4205555,1955
4318499,1985
5106182,3816
4307864,2208
3122702,4266
3157658,4614
3145505,2313
2309201,1138
4306304,3600
4203105,4970
4303806,4382
2405504,2898
3501400,5503
5108808,3765
5214705,2170
3505005,2992
4314134,1832
2709004,4451
4318622,3154
4215695,1389
2503753,2771
5206909,1763
2510204,4611
3119807,2675
4316204,4327
4113809,3926
2502102,4251
1710706,4041
1719004,2153
2304269,1744
4112207,4731
2308906,2803
3150109,2324
3115409,2919
4217758,2151
5209457,1829
3556958,1605
2201705,4341
5214879,2323
3138500,4248
2201988,2769
2411700,3181
3124609,1909
4119657,2549
4104055,3176
3121506,2764
3160009,3230
4107546,3751
4319752,2044
3120102,3643
2203008,5456
5108352,2221
5103361,2683
4303301,4077
3136405,3262
3553658,2321
4214904,4115
4200903,4599
2303105,3207
4314035,3125
3523701,5041
2413201,3043
4207759,3357
3146503,6951
4301958,2102
2400406,2717
2307106,5488
1704600,1232
3528858,2679
4319372,2603
4313466,1410
1715101,2769
4318614,1935
2208601,2641
4300059,2989
3150307,4097
4302220,1993
3164803,1354
4106852,2335
3133907,4771
4316428,1975
2510659,1432
2310803,2826
4315453,1663
2512788,1654
5204607,3093
3170438,3021
2200806,2520
3555307,1816
4301925,1699
2103307,76796
2504009,316460
3122306,172215
3304557,5796395
3300100,135922
3301009,377081
2307304,42451
3534401,606730
2909000,6087
2925303,107710
2933000,19429
2706208,3301
2702306,39255
2709103,14308
3552403,227412
1505502,65668
1501402,1161882
3509502,965913
3538006,131047
3539301,60971
3117108,8578
3170206,578896
4201653,2202
4212908,16263
5106851,3110
2910057,51110
2916500,20441
2908309,13902
2932101,11379
2928059,7914
3302502,186248
3303906,228451
3300209,108800
3302007,95998
3305505,71663
5203575,2933
5211602,2104
3545803,149304
3504107,126171
3544806,5285
4108304,224614
4115309,5104
4122404,54327
4125506,233071
4101507,98677
4122008,11548
4100400,81685
3302858,126201
4104204,97948
4126801,12129
4102307,11041
4304705,49049
4314100,166720
4311304,22223
2304202,8775
3102308,12434
3164704,43340
3126307,2815
2933307,275801
2918308,9353
2933505,15159
2924405,21758
2930154,20749
2901106,16930
2905701,208412
2412005,75914
2400802,8796
5108402,194690
2601409,28817
2607208,82950
2609402,46532
2610707,208331
2601201,55588
3530805,78099
3531308,40539
3162708,16156
5214606,28869
5200258,143284
3302270,69543
1721000,217440
3105103,18416
3156007,8284
3143104,38382
2516904,11631
2501104,18699
2514701,3426
2513000,2413
2513703,102570
4106209,14453
4311700,4656
4300307,5180
4322905,4013
4321501,37392
4306908,19503
4302105,96257
4309605,15044
2111953,3678
2101400,67508
4111605,2708
4114807,31048
4109708,21922
2922730,6065
4202404,268081
4105706,12586
4113304,25960
4124202,2180
4114500,10601
2513943,2139
2503555,5377
4314050,41754
4314605,15124
4322400,93732
4313375,22397
4323002,185971
2505808,2887
2511400,14886
2516409,6041
2502805,10187
2913507,10515
2914802,138292
2923803,22009
1709302,17593
1722107,7756
2612307,11474
2600104,27080
2612604,29904
2409803,10703
2411429,2080
4125001,8763
4121505,12110
4118857,5366
4103701,82203
4122701,6567
3518602,30995
3529401,329604
3136306,39728
3129806,124713
3147204,16374
3525003,93365
3505351,4421
4126652,2935
3530607,347410
2302800,12160
2204907,6395
2209708,4674
2205904,4081
2210631,3710
2200608,5241
2207504,9545
4313904,32902
4303103,99460
4310603,28783
2709400,17860
2703908,2637
2709202,16458
2606200,67566
1503705,25382
1506807,241549
1508407,26181
1506005,21449
1502202,50486
1500305,25585
1500404,30060
1500701,17278
1507979,11284
3510500,103610
2910701,47956
2914703,47967
3300704,178598
3300308,62589
3519402,10359
3522208,130033
4116703,10087
4116000,1694
4103222,2876
2931053,14140
2906501,61205
2901403,10578
2915007,8505
3518404,97232
3515103,52828
5105176,13412
5103106,5043
5107701,12047
2933174,7686
2929305,27125
1716208,7247
1703206,3007
1707652,3448
2605301,24300
2709301,42230
2922656,9982
5002605,10021
5007208,25965
5003306,25015
5002159,5908
5002951,22607
5006002,15143
2516300,13604
5106828,8002
5100201,21266
2506004,24121
2513356,2560
2509107,16723
2508208,5959
3306107,60481
3133501,17786
3115300,52641
3159605,33259
3122454,6411
2110039,11210
2110708,22532
2102804,15057
2100204,17913
2111805,11071
2104404,10442
2922805,5901
4127502,15241
4127304,12252
5212709,5725
4101705,11634
4104253,22356
4115739,2850
2929206,29419
3540903,14805
2505105,16240
2511806,7588
2501302,14210
2516151,2826
3305752,24059
3170404,62743
3155801,12549
3115805,6939
3148806,2945
3120409,4284
3102852,5849
3144300,28298
2510006,5988
2516805,7084
2500304,22317
4317400,41160
4310850,3116
4301206,9826
2907806,24319
1714203,6084
1720978,1935
1707207,4764
1705102,2488
3152105,48431
3121407,6576
4111001,5034
2607604,18749
2603009,26575
3512209,26710
4216909,18127
4202073,10029
3522406,76631
3205309,331274
3200706,8908
3202702,11536
3201803,4065
3500501,16763
3542008,5540
3502705,20269
3525508,11332
3542107,7786
3165552,7349
3118700,7507
3164506,6833
3152402,11379
3163706,36114
3116159,9236
4217501,14974
4212502,26581
4214003,14093
3527207,69699
3515194,8168
3542206,24402
3551207,3114
1600600,83568
1600501,13692
1600154,8400
3125002,3211
3172103,3970
3141801,18916
3142106,7427
3550605,72739
3500402,6693
3510401,42064
2205508,30641
2202653,3917
2201960,5920
1301506,9525
1300102,7246
2804805,129536
2802908,73062
2800704,4456
2803005,30777
4114401,13520
4114203,26776
4125100,11040
4116208,13946
2104305,5576
2105104,14504
3508504,77238
3521002,26828
2702355,17013
2403251,184644
2412203,27971
2404507,20450
3115508,18076
4310801,17996
3151701,13528
3108305,14484
3152170,8219
4306353,2033
2909505,4211
2928505,7937
2917102,13329
2910206,3457
5007406,14146
5007109,16174
5006309,33208
5219753,42583
5218904,15875
5203203,8350
5222054,7401
3514502,10681
3554201,3617
3551801,12509
3200409,24947
3204302,11225
3204054,17063
2604155,9689
3548104,5139
4206504,28311
4217253,5170
4216503,20949
3148707,16730
3114550,7730
3169406,44396
3203908,38909
3203353,10789
3547700,15556
3520442,22185
3532058,3527
3540606,46384
3152303,7925
3520103,22300
3553104,4848
3509254,25122
3509007,77201
3516903,8730
2607505,19605
2312908,175373
2311355,3893
3536703,36738
3531902,23018
3116209,2266
3106309,18282
3122504,4328
3501707,28794
3117504,19013
3111507,7436
3123205,11045
3107703,4885
3521705,15264
3537503,6685
3503802,42905
3535309,17796
2703304,9994
2701407,26241
3545506,3084
2605004,17179
2612703,10039
4321006,8525
3165206,5656
3151503,27531
4210605,13139
3162203,6095
3101102,18018
3119955,5035
4208500,20067
4219705,22794
4211207,13509
2407104,54033
2411601,3413
3109709,9314
3155405,6693
3518107,5301
3546702,19732
1200450,15198
3524907,4764
3509908,10614
3303005,20290
3305307,6451
2300705,6574
3144003,21431
3109402,18127
2204659,7525
2211100,32447
2209302,4511
2100956,16117
3556008,11426
4218806,10115
4206702,16743
4200507,4678
4205159,2918
4207650,7626
2200251,5565
5207253,5183
5209903,9109
5214408,7150
2405702,15152
3147709,7210
3517703,15789
3304755,34162
1301001,17766
1301902,62648
1304005,8395
4307815,2736
3507159,3085
3156205,2028
3103702,6578
3514908,14468
2308708,20605
2313807,11117
2306256,45730
2305803,19889
3119203,6928
2104909,8511
3555703,1401
2106201,3894
2200202,13662
4109104,1798
3520426,11453
3134301,4728
4312500,10299
1303536,22314
1302405,26549
1301209,38621
1300607,22123
3300258,28293
4301305,14382
2413359,9023
4317608,34777
4322202,16845
4316451,8505
3124005,16308
3132305,8154
2201408,4407
4215109,9116
4216008,7851
4210803,5545
4208302,54324
3542800,2844
3105202,3808
3301850,44676
1508159,17214
1503093,16413
2410405,12222
2921906,8466
2311702,14529
2302206,9282
4114609,41958
4118709,5486
2111250,4849
2103174,18176
2111789,7312
2100907,27506
2112506,34062
2926301,26500
2208502,8844
3518008,1804
2613305,14814
4203006,57472
4216255,5185
2928950,7062
2901502,8126
4309001,12410
3205176,12596
5106190,2964
5102702,13976
2403756,3723
2400307,6664
2101970,3992
2104701,3424
2111409,12530
5212808,7741
2407906,3315
2931608,8524
3503604,7933
3526100,14734
2904803,5069
2914208,4466
4200408,5460
5204300,10863
3143609,2057
3170529,7217
3134905,19724
5207808,8884
4117222,6421
1508308,27886
1501782,26210
1714880,7380
1707553,2712
3300951,7474
3302809,14107
3126604,5447
4314506,9959
2608107,22830
2910305,6372
2904100,13409
2918902,3951
5108600,11368
2922508,18634
2405207,7371
4316733,1485
3168804,6403
2515971,6270
2109700,3517
2100402,4159
1301100,20324
5215652,2706
5208509,4373
2509305,6159
4103305,6287
5002803,2935
5219357,3326
2602506,6097
1713809,3281
2925808,18834
2932309,12128
4102703,2538
2611200,8457
1708304,3494
1501204,19190
1506609,15401
2920502,21061
2923506,9566
3171600,9254
3118403,27691
2301307,4049
2501906,13851
3168507,9795
4123600,1505
4208708,8501
2310209,5098
2616001,12088
2515906,4195
2500536,4460
2600906,14598
3166709,6131
4309902,5821
4108650,5607
2614303,8713
5207402,9902
5220264,3341
2911253,3527
2505600,5000
2105922,6530
3105707,4933
2515708,2527
5003801,16680
5008008,12783
5007695,21946
3121308,3969
3121001,3947
3103751,5899
3150208,3130
3509304,8810
1503804,25470
4117453,4714
3171709,7155
4202107,28018
1101104,7232
4105003,7267
4115002,6007
1303957,6295
2101509,14290
2803500,77443
2206357,4697
4204707,9164
2205516,3888
5219704,7525
5221007,3288
2413805,2903
2925931,7764
3117603,5211
2304509,2860
2308351,3215
3125309,2736
4215752,2171
4218004,31170
4319109,4630
4318051,2432
4320453,1768
3145109,13225
2406007,5541
2605400,17029
2604700,11078
2802304,12020
2805406,23388
1100403,10497
2806800,7596
4312203,3554
2205565,4964
2105500,14750
4102109,19923
5210802,3690
3154507,6274
3138625,6782
2611507,14398
5002001,8298
5001508,5702
3128402,6501
3149101,8988
4312153,3942
4319604,18663
2926657,3068
2801702,11024
2807105,24448
2902609,13467
2210383,1910
2210102,2536
1506187,22973
4215075,3915
4206108,5167
4203907,17511
4206306,16868
1100080,8596
3129202,5028
3167608,14837
5106240,8860
5106273,2604
2109452,21874
4311106,9365
3141900,3239
4305405,3177
2913705,24575
2930907,9052
2501708,4754
4113007,5215
5209291,3472
5219902,9878
2102754,7685
5107180,7113
5106778,7244
5220504,6852
3146305,12483
5005608,19744
2901908,9930
2514107,3304
2508505,5385
2801504,9973
2903409,12347
3114600,3645
4309951,3146
5101209,875
5007554,5846
2109551,4756
1503754,6165
2306801,1819
4214151,2488
5106000,4671
4319208,4252
1501600,7105
5208103,3666
4202099,1517
4202537,1885
2502706,3883
3136900,8261
1506583,8983
3155306,4494
3117009,5451
4316303,5535
3303104,11344
4126207,5307
1504307,14089
2807303,2403
2800407,7986
4103206,5318
4315305,17062
2311108,3720
4319703,2924
2805208,4841
4307401,2695
2931707,9280
2910859,13216
2920403,10429
2301802,1686
4101853,2083
3204351,16575
2309102,2300
2209203,4505
2603405,4974
2905305,13721
3537701,4655
2105153,8739
4110656,1989
2401206,10454
3532306,5645
3521408,18126
2913804,9664
3203502,15621
2309607,9978
5211008,5742
1508357,10792
3522901,11056
3163003,2967
3542909,9643
5217203,9066
5220405,13587
4110003,3819
2110237,6127
3501806,4887
3554607,2327
3511904,6000
5221452,2618
5219100,4999
5220280,1836
4112751,7648
4103958,3410
3519055,13505
4213104,4610
5207352,3090
4204194,2277
4205803,13248
2201929,4207
2206654,3218
2209559,3423
4201505,6667
5219605,2883
3512001,15291
4117255,8287
2507408,6079
3154705,3210
4122602,7412
3549300,1964
4314175,2090
3515350,6947
2203750,4236
5206800,2552
3515608,4981
4314027,5521
2502052,2752
2706000,7569
2916302,6956
5106158,8072
2920304,7228
2916609,5356
2102358,8065
3166006,4442
3119906,3190
5106455,2394
2404002,3174
3535200,7811
3544707,2076
4303707,4832
2505402,6402
4218301,14798
1706100,4940
2507606,6332
2915106,9543
4207684,2843
5107248,3426
1718402,2360
2513109,9861
2406106,14224
4115457,3513
4126702,3906
5106281,4619
4315313,1318
4126900,4529
2514800,2899
4309571,2130
1713700,1615
4116109,9179
3114808,3838
3547205,1337
2512077,3581
1101401,9384
1400506,3660
3534005,3889
3159506,4341
3538303,2796
3165503,4446
3543501,4794
3530904,3396
1600253,3570
2206670,4893
3514007,6982
3165602,1812
3516804,2900
3554656,2424
2105963,5514
4100905,4144
4306973,2460
3115474,3892
2209757,3683
3125606,4820
2414456,2744
4310306,3495
4203402,5949
4212270,3280
3200508,5854
3516606,5662
3107604,3620
4312625,1388
2413102,928
2412559,7689
4314308,3157
4121257,3235
1718709,1981
1720853,1300
4323705,2278
2204600,2942
3160207,3105
3136520,2693
2802601,4506
2207306,3314
2205854,5523
5218391,2959
3140407,2621
4305132,3173
4304713,6019
2806602,6900
2802007,3567
4218400,5955
4119707,3454
4315172,1723
5212600,2259
5203609,3257
5213756,10766
5213905,3819
3157609,2803
2313203,5949
3108800,3904
3101409,2410
3122207,5475
1500131,4280
4322855,1639
3204252,5825
1507508,6601
4315057,2039
4122172,3183
5210562,4462
5214903,2340
3544509,3701
2105351,6014
4321329,2498
4314456,2447
2410801,380
5207501,2754
2207108,2147
5200829,2483
3111150,2985
3161056,2706
4305157,2027
4107157,3751
2300903,2050
2106631,5583
4322525,2820
3142502,1867
4119251,2243
2209856,3399
2203800,3224
3117207,2311
1703305,2740
2303907,2238
4315552,2286
3532868,1070
2206902,4750
4211652,2182
5213400,1443
2201572,2657
2512754,3499
5220058,1595
3106101,2515
3151008,6364
2304954,3156
2917904,6364
5108105,2454
4126355,4080
4307559,4711
2400604,3697
4312427,2322
2927804,3852
2500577,2264
2910909,2061
4205357,1488
1707306,3309
1718840,2711
1712405,2290
3153004,3027
2206308,1210
4323200,2510
3162302,2362
3131406,3218
4312450,5449
3137304,2936
4302055,1766
4320263,5516
3105301,4970
1718659,1327
3546108,2124
4313003,2674
2305100,1582
4205100,3323
4314464,1917
4101051,2485
2300101,1118
5107404,2952
4304622,1613
4215059,1999
2312809,1043
2506509,2606
2414902,65
