id_municipio,2017,Ideb
1100015,6.2,5.7
1100023,5.5,5.2
1100031,6.1,5.1
1100049,6.3,5.8
1100056,6.4,6.4
1100064,6.4,6.3
1100072,5.7,6
1100080,4.8,4.9
1100098,6.1,5.9
1100106,4.9,5
1100114,6.1,5.7
1100122,6.2,5.8
1100130,5.2,5
1100148,7.2,6.9
1100155,5.8,5.5
1100189,6.2,5.8
1100205,5.3,5.4
1100254,6.3,5.8
1100262,5.1,4
1100288,6.4,5.9
1100296,6.8,6.3
1100304,5.9,5.6
1100320,5.7,5.1
1100338,5.2,4.9
1100346,5.8,5.3
1100379,5.8,5.4
1100403,5.7,4.9
1100452,5.6,5.5
1100502,5.8,6.6
1100601,5.8,5.1
1100700,5.3,5.3
1100809,4.4,5
1100908,-,-
1100924,5.2,4.6
1100940,4.5,4.2
1101005,5.5,5.2
1101104,4.8,5
1101203,6.9,5.9
1101302,5.3,5.1
1101401,5.3,4.7
1101435,5.4,5.5
1101450,5.3,4.1
1101468,6.3,5
1101476,5.1,5.6
1101484,5.7,5.5
1101492,5.9,5.4
1101500,5.7,4.8
1101559,6,5.5
1101609,6.4,5.6
1101708,6,5.7
1101757,5.8,5
1101807,5.1,4.7
1200013,5.4,5.6
1200054,4.3,4.9
1200104,6.4,6.8
1200138,4.5,4.5
1200179,4.2,4.6
1200203,5.5,5.7
1200252,5.8,6
1200302,5.5,5.2
1200328,4.8,4.8
1200336,5.2,5.3
1200344,4.7,5.4
1200351,4.2,4.5
1200385,5.2,4.9
1200393,3.7,4.2
1200401,6.4,6.5
1200427,5.8,5.5
1200435,3.4,3.7
1200450,6.4,6.3
1200500,5.7,5.7
1200609,5.2,5
1200708,5.5,5.9
1200807,5,-
1300029,3.7,4
1300060,4,4.4
1300086,5,5.5
1300102,5.3,5.2
1300144,5.4,5.2
1300201,4.5,4.2
1300300,4.8,4.9
1300409,4.7,4.9
1300508,4.6,4.7
1300607,4.4,4.3
1300631,4.6,4
1300680,4.6,4.5
1300706,6.1,6
1300805,5.1,4.4
1300839,4.7,4.1
1300904,3.8,3.6
1301001,4.8,5
1301100,4.8,4.6
1301159,4.3,4.2
1301209,4.6,4.6
1301308,4.6,4.6
1301407,4.5,4.5
1301506,3.7,3.3
1301605,3.1,3.6
1301654,4.1,3.9
1301704,4.5,4.4
1301803,3.7,3.8
1301852,4.5,5
1301902,5.7,5.3
1301951,4.4,3.3
1302009,5.2,5.2
1302108,4.9,3.5
1302207,3.6,3.3
1302306,3.9,3.9
1302405,4.1,4.3
1302504,5.3,5.5
1302553,4.4,3.8
1302603,5.9,6
1302702,5.1,5
1302801,3.5,3.5
1302900,5.1,5.1
1303007,5.8,5.4
1303106,4.8,4.7
1303205,5.7,5
1303304,5.1,4.2
1303403,5.8,5.7
1303502,3.1,2.9
1303536,5,4.8
1303569,4.7,4.8
1303601,4.4,4.3
1303700,4,3.7
1303809,4.5,4.6
1303908,4.4,4.6
1303957,5.2,5.1
1304005,4.4,4.6
1304062,4.6,4.8
1304104,4.3,4.6
1304203,4.6,4.7
1304237,3.7,4.1
1304260,3.8,4.3
1304302,5.3,5.3
1304401,4.4,4.8
1400027,4.6,-
1400050,4.6,-
1400100,5.8,5.9
1400159,4.5,4.4
1400175,-,-
1400209,4.5,4.4
1400233,4.5,-
1400282,4.4,4.4
1400308,4.3,4.5
1400407,4.3,3.9
1400456,5,-
1400472,4.5,4.7
1400506,4.2,4.9
1400605,4.2,4.9
1400704,4.2,-
1500107,4.6,4.7
1500131,5.1,5.1
1500206,3.7,3.8
1500305,3.3,3.5
1500347,3.5,4
1500404,4,4.3
1500503,3.6,3.6
1500602,5.5,5.7
1500701,3.3,3.4
1500800,5,5.3
1500859,4.2,4.2
1500909,4,4.2
1500958,4.6,4.8
1501006,3.6,4.4
1501105,3.9,3.7
1501204,3.9,-
1501253,4,4.5
1501303,4.1,4.4
1501402,4.8,5.2
1501451,4.6,5.1
1501501,6.2,6.2
1501576,4.7,5
1501600,4,4.3
1501709,4.1,4.4
1501725,5.3,5.6
1501758,4.4,3.9
1501782,4.4,4.4
1501808,3.5,3.6
1501907,4,4.2
1501956,3.5,3.9
1502004,3.9,3.9
1502103,3.8,3.7
1502152,5,5.1
1502202,4.4,4.8
1502301,3.6,4.2
1502400,4.7,4.8
1502509,3.3,3.1
1502608,4.4,4.8
1502707,4.5,4.6
1502756,3.8,3.7
1502764,3.9,-
1502772,5.3,5.4
1502806,3.1,-
1502855,3.8,4.1
1502905,3.8,4.2
1502939,5.4,5.6
1502954,4.4,4.6
1503002,4.1,4.3
1503044,4.3,4.5
1503077,3.7,4.4
1503093,4.5,4.5
1503101,3.3,3.5
1503200,3.7,4
1503309,3.8,4
1503408,4.6,4.3
1503457,4.5,4.5
1503507,4.1,4.3
1503606,4.8,4.6
1503705,3.9,4.2
1503754,3.8,3.5
1503804,4.3,4.5
1503903,4.7,5
1504000,3.6,3.8
1504059,4.7,4.7
1504109,3.9,4.1
1504208,4.6,5.1
1504307,4.4,4.5
1504406,3.8,4.2
1504422,4.8,4.9
1504455,4.3,4.3
1504505,3.3,3.3
1504604,3.9,4.1
1504703,4.8,4.5
1504752,5,5
1504802,4.4,4.5
1504901,4.2,4.2
1504950,3.5,3.9
1504976,4,3.9
1505007,4.1,5
1505031,5,5.6
1505064,4.2,4.4
1505106,4.8,4.7
1505205,3.5,3.4
1505304,4.8,5.1
1505403,4.5,4.6
1505437,4.8,4.8
1505486,4,4.2
1505494,3.6,4.6
1505502,5.7,5.8
1505536,5.7,5.6
1505551,3.4,4
1505601,4.7,4.3
1505635,4.4,4.3
1505650,4.1,4.8
1505700,4.1,4.4
1505809,3.3,3.6
1505908,3.7,3.8
1506005,3.5,3.8
1506104,4.6,4.9
1506112,4.1,4.8
1506138,4.8,5
1506161,4.8,4.8
1506187,4.9,5.1
1506195,4.8,4.8
1506203,4.2,4.8
1506302,4.2,4.6
1506351,5.1,5.1
1506401,3.3,3.4
1506500,4.1,4.3
1506559,3.8,4.1
1506583,3.6,3.5
1506609,4.2,4.3
1506708,3.9,4
1506807,5.5,5.5
1506906,4.4,5.3
1507003,3.9,4.5
1507102,4,3.8
1507151,3.9,4
1507201,3.4,3.7
1507300,4,4
1507409,4.4,4
1507458,4.4,4.8
1507466,3.4,4.5
1507474,3.9,4.3
1507508,3.7,3.9
1507607,4.4,4.4
1507706,4.1,4.5
1507755,4.1,4.5
1507805,4.4,4.1
1507904,4,4.2
1507953,4.4,4.6
1507961,4.8,4.4
1507979,5.6,5.7
1508001,4.6,4.7
1508035,3.8,3.7
1508050,4.7,4.6
1508084,4.5,4.4
1508100,4.6,4.7
1508126,6,6.1
1508159,4.4,4.5
1508209,4.1,4.3
1508308,3.7,3.6
1508357,4.9,5.7
1508407,4.4,4.8
1600055,5.1,4.9
1600105,3.7,4
1600154,4.6,4.8
1600204,3.4,3.4
1600212,3.4,4.1
1600238,3.6,3.8
1600253,4.1,4.2
1600279,4.3,4.6
1600303,4.5,4.9
1600402,4.2,3.9
1600501,4,4.1
1600535,4.1,4.4
1600550,2.7,-
1600600,4.8,4.8
1600709,3.8,3.9
1600808,3.6,4.3
1700251,4.9,5.5
1700301,4.4,4.8
1700350,6,5.9
1700400,4.5,5
1700707,5.6,5.8
1701002,5.1,5.2
1701051,5,5
1701101,5.7,5.6
1701309,4.4,4.3
1701903,4.5,4.7
1702000,5.9,6.3
1702109,6.1,6
1702158,5.4,-
1702208,5.2,5.3
1702307,5.3,5.7
1702406,5.1,4.8
1702554,5.6,5.6
1702703,6,5.3
1702901,4.3,4.5
1703008,4.3,3.9
1703057,4.7,4.9
1703073,4.1,4
1703107,5.1,5.5
1703206,4.9,4.6
1703305,5.5,5
1703602,5.7,5.6
1703701,5,5.5
1703800,4.7,4.8
1703826,4.6,4.7
1703842,4.2,4.5
1703867,4.8,5.4
1703883,4.1,3.8
1703891,3.8,4.1
1703909,4.6,4.4
1704105,4.5,4.7
1704600,4.1,-
1705102,5,4.2
1705508,5.8,5.8
1705557,6.1,5.7
1705607,5.3,5.6
1706001,5.1,5.5
1706100,5.2,5.2
1706258,4.8,5.2
1706506,4.6,4.8
1707009,5.3,5
1707108,5.6,6
1707207,4.8,5.1
1707306,5.7,5.4
1707405,4,4
1707553,4.7,5.7
1707652,5.5,5.5
1707702,4.8,4.2
1708205,5.4,5.6
1708254,5.3,5.4
1708304,4.9,5.3
1709005,4.2,4.6
1709302,5.7,5.7
1709500,6,6.3
1709807,4.5,4.8
1710508,5.4,6.3
1710706,4.1,3.9
1710904,4.9,4.9
1711100,5.1,4.7
1711506,5.2,4.9
1711803,4,3.4
1711902,3.9,4.3
1711951,4.3,3.8
1712009,4.8,5.7
1712157,5.3,5.7
1712405,4.2,4
1712454,4.4,4.9
1712504,5,4.8
1712702,4.7,4.4
1712801,4.7,4.5
1713205,5,5
1713304,5.3,5.2
1713601,4.5,4.7
1713700,5.3,5.1
1713809,5.2,4.6
1713957,4.6,4.2
1714203,5.8,6
1714302,5.3,5
1714880,4,4.3
1715002,5.2,5.3
1715101,5,4.8
1715150,5.9,5.9
1715259,4.6,5.4
1715507,3.9,3.7
1715705,3.9,3.6
1715754,6,6.1
1716109,6.4,6.4
1716208,4.6,4.4
1716307,4.3,4.5
1716505,6,5.9
1716604,5,5
1716653,5.7,6
1716703,5.3,6
1717008,4.9,4.8
1717206,4.7,-
1717503,5,4.5
1717800,4.8,5
1717909,5,5.1
1718006,4.9,4.8
1718204,5.4,5.7
1718303,4,3.6
1718402,5.5,5.4
1718451,4.8,5.8
1718501,3.9,4.3
1718550,4.7,4.6
1718659,4.4,-
1718709,4.8,4.2
1718758,5.5,4.3
1718808,4.9,4.8
1718840,5.2,5.3
1718865,4.5,4.6
1718881,4.6,4.8
1718899,4.3,4.9
1718907,4.7,4.5
1719004,4,4.2
1720002,3.8,5.1
1720101,4.2,5.2
1720150,4.8,4
1720200,4,4.5
1720259,5,5.3
1720309,4.6,4.3
1720499,6.1,5.8
1720655,4.9,5.4
1720804,4.6,5
1720853,4.5,4.9
1720903,5.1,5.3
1720937,4.2,4.1
1720978,5,5.6
1721000,6.5,6.5
1721109,4.6,5
1721208,5.4,5.3
1721257,4.8,6
1721307,4.4,5.3
1722081,4.7,4.7
1722107,5.2,5.1
2100055,5,5.3
2100105,4.4,3.9
2100154,4.3,4.5
2100204,4.4,4.5
2100303,4.1,4.5
2100402,4.5,4
2100436,4.3,4.6
2100477,5.5,6
2100501,5.2,5.8
2100550,3.8,4.4
2100600,4.1,4.1
2100709,4.4,4.9
2100808,3.8,3.9
2100832,4.6,4.2
2100873,4.2,4.1
2100907,4,4.4
2100956,3.6,3.6
2101004,5.2,5.6
2101103,4.9,5.6
2101202,5.1,5.3
2101251,4.8,4.4
2101301,4.4,4.9
2101350,4.7,5.4
2101400,4.6,4.7
2101509,5.1,5.6
2101608,4.6,4.6
2101707,4.6,4.9
2101731,3.7,4.1
2101772,4.1,-
2101806,4.1,4.5
2101905,4.8,4.8
2101939,4.5,4.9
2101970,4,4
2102002,4.4,4.8
2102036,4.1,4.4
2102077,4.5,5.1
2102101,3.8,4.2
2102150,3.9,4.8
2102200,4.2,4.2
2102309,5.3,5.4
2102325,4.2,4.3
2102358,4.5,4.4
2102374,4.2,4.5
2102408,4,-
2102507,4.1,4.2
2102556,5.1,5.5
2102606,4.6,4.9
2102705,4.3,4.1
2102754,4.4,4.5
2102804,4.6,4.7
2102903,5.1,5.3
2103000,4.9,4.8
2103109,5,5.4
2103125,4.5,4.5
2103158,4,4
2103174,4,3.9
2103208,4.2,4.3
2103257,4.5,5.1
2103307,4.4,4.9
2103406,4,4.7
2103505,4.1,4.3
2103554,3.9,3.7
2103604,4.7,4.6
2103703,4.8,4.7
2103752,4.5,4.4
2103802,4.8,5.6
2103901,5.1,4.4
2104008,4.4,4.5
2104057,4.8,5.5
2104073,4.5,4.8
2104081,3.9,4.1
2104099,5.3,5.1
2104107,4.7,5.3
2104206,4.8,4.5
2104305,4.2,5.2
2104404,4.3,4.7
2104503,4.6,4.3
2104552,4.5,4.2
2104602,3.9,4.8
2104628,3.6,4.1
2104651,4,4.5
2104677,4,4.1
2104701,3.9,4.4
2104800,4.2,4.3
2104909,4.4,4.8
2105005,4.3,4.2
2105104,4.3,4.5
2105153,4.5,4.2
2105203,4.6,5.1
2105302,5.2,5.3
2105351,3.6,4.1
2105401,4.1,4.3
2105427,4.7,4.9
2105450,4.6,4.8
2105476,3.7,3.6
2105500,4.6,4.8
2105609,4.6,4.2
2105658,5.1,5.3
2105708,4.5,4.5
2105807,5.2,5.6
2105906,4.2,4.7
2105922,6.1,6.8
2105948,5,5.3
2105963,4.2,4.3
2105989,4.8,5
2106003,4.5,5.5
2106102,-,4.6
2106201,4.1,4.3
2106300,4.8,4.5
2106326,4,3.9
2106359,4.2,4.9
2106375,4.3,4.7
2106409,4.3,3.9
2106508,4.4,4.6
2106607,3.9,5.1
2106631,5.5,4.6
2106672,4.2,4
2106706,4.1,4.1
2106755,5.2,5.4
2106805,4.4,4.7
2106904,4,4.1
2107001,3.9,3.9
2107100,3.9,4.3
2107209,4.5,4.6
2107258,4.7,4.8
2107308,4.1,4.4
2107357,4.5,4.6
2107407,4,4.9
2107456,4.1,4.1
2107506,5,5.6
2107605,4.9,4.6
2107704,4.2,4.9
2107803,4,4.6
2107902,5.1,4.9
2108009,5,5.2
2108058,4.6,4.9
2108108,3.8,4.3
2108207,4.5,4.8
2108256,4,4.6
2108306,4.8,4.9
2108405,4.4,4.7
2108454,3.8,4.3
2108504,4,4.1
2108603,4.9,5
2108702,3.9,4.1
2108801,4.4,4.9
2108900,4.6,5.1
2109007,5.9,6.2
2109056,4.2,4.6
2109106,4.3,4.5
2109205,4.9,4.9
2109239,4.5,4.5
2109270,4.9,4.5
2109304,4.1,4.5
2109403,4.5,4.4
2109452,4.2,4
2109502,4.5,4.6
2109551,4.4,4
2109601,5.2,5.5
2109700,4.6,4.2
2109759,4,-
2109809,3.8,4.2
2109908,4.2,4.3
2110005,4.6,5.1
2110039,3.9,4.1
2110104,-,3.9
2110203,4.7,5.3
2110237,4.3,5
2110278,4.1,4.3
2110302,4.9,5.3
2110401,4.2,4.2
2110500,4.9,5.1
2110609,4.4,4.6
2110658,3.9,-
2110708,4.6,4.9
2110807,4.6,4
2110856,5.2,5.5
2110906,4.4,4.8
2111003,4.2,4.1
2111029,4.4,3.9
2111052,4.6,4.7
2111078,4.1,4.3
2111102,5,5.1
2111201,5.3,5.6
2111250,3.9,4.5
2111300,4.7,5.1
2111409,4.4,4.5
2111508,4.5,4.5
2111532,4.7,4.7
2111573,4,5.1
2111607,5.5,5.5
2111631,3.8,4.4
2111672,3.7,4.3
2111706,3.8,4.3
2111722,4.7,4.6
2111748,4.2,3.8
2111763,3.9,4
2111789,4.2,4.4
2111805,4.6,4.8
2111904,5.1,5.1
2111953,4.5,4.9
2112001,4.2,4.8
2112100,4,4.3
2112209,5,5.7
2112233,4.9,5.3
2112274,4.1,-
2112308,4.7,4.7
2112407,4.4,4.8
2112456,3.8,4.1
2112506,4.4,5.1
2112605,4,4
2112704,4.3,5
2112803,4.5,4.6
2112852,5,5
2112902,4.5,5
2113009,4.4,4.8
2114007,4.4,5.3
2200053,5.5,5.6
2200103,4.5,4.8
2200202,6.1,6
2200251,4.4,4.1
2200277,5.3,5.4
2200301,5.1,5.2
2200400,5.3,6.2
2200459,3.4,3.2
2200509,4.3,4.2
2200608,5.3,5.6
2200707,4.2,4.3
2200806,4.7,6.2
2200905,4.7,5.2
2200954,-,5.3
2201002,5,4.5
2201051,4.5,4.8
2201101,5,5.5
2201150,5.4,6.3
2201176,4.6,4.9
2201200,4.9,5.4
2201309,3.3,-
2201408,3.8,4.6
2201507,4,4.2
2201556,5.5,5.4
2201572,5.3,6.2
2201606,6.1,5.9
2201705,3.7,4.7
2201739,4.6,4.5
2201770,4.8,4.8
2201804,5.1,5.4
2201903,6.3,7.5
2201919,4.5,4.4
2201929,3.9,4.1
2201945,5.2,5.1
2201960,5.3,5.3
2201988,3.2,4.7
2202000,4.4,4.7
2202026,6.6,6.8
2202059,5.5,5.9
2202075,4.6,4.5
2202083,3.8,4.8
2202091,5.9,5.9
2202109,4.1,4.6
2202117,3.3,-
2202133,5.3,5.6
2202174,4.2,4.2
2202208,5.3,6
2202251,3.6,3.7
2202307,4.6,4.9
2202406,5.3,5.2
2202455,4.3,4.4
2202505,4.1,3.4
2202539,4.3,4.9
2202554,4.8,5.7
2202604,7.3,6.7
2202653,4.4,3.9
2202703,4.8,5.2
2202711,4.9,4.8
2202729,5.8,6.2
2202737,4.7,5.7
2202752,4.2,3.3
2202778,5.7,6
2202802,4.6,4.7
2202851,5.5,5.8
2202901,3.5,4
2203008,3.1,4.1
2203107,4.2,3.6
2203206,3.5,3.9
2203230,4,3.7
2203255,4,3.4
2203271,4.5,5.3
2203305,5.1,6.2
2203354,3.6,3.6
2203404,5,6.3
2203420,7.1,7.3
2203453,5.8,5.1
2203503,3.8,5.4
2203602,4.4,5.2
2203701,4.1,4.2
2203750,4.1,4.5
2203800,4.5,4.1
2203859,-,5.5
2203909,5.5,6
2204006,4.6,5.1
2204105,5.2,4.7
2204154,4.7,5
2204204,5.6,5.8
2204303,5.8,6.3
2204352,4.3,4.8
2204402,3.5,3.3
2204501,4.5,5.2
2204550,4.3,3.6
2204600,4.5,4.9
2204659,4.2,4
2204709,5.5,5.8
2204808,5.3,5.8
2204907,4.6,5.9
2205003,4.9,4.9
2205102,4.4,4.3
2205151,4.5,4.5
2205201,3.7,6
2205250,4.1,4.3
2205276,5,5.3
2205300,3.8,3.9
2205359,4.1,3.9
2205409,5.3,5.8
2205458,4.8,4.5
2205508,4.2,4.8
2205516,5.8,6.1
2205524,3.7,4.6
2205532,3.1,5
2205540,6.1,6.6
2205557,4.1,5.8
2205565,4.9,5.3
2205573,4.3,4.7
2205581,4,3.6
2205599,4.1,4.1
2205607,5.2,5.4
2205706,4.1,4.8
2205805,3.8,4.2
2205854,4.7,4.7
2205904,5.3,5.3
2205953,4.8,5.5
2206001,4,4.8
2206050,4.4,5
2206100,4.1,4.3
2206209,3.6,4.1
2206308,3.5,4.8
2206357,-,3.9
2206407,5.8,5.1
2206506,4.6,5.5
2206605,3.7,4.4
2206654,3.6,4.2
2206670,4.9,5.4
2206696,4.3,5.2
2206704,4.5,5
2206720,4.6,5.4
2206753,5.2,4.4
2206803,3.6,3.8
2206902,4.2,4.2
2206951,4.8,5.5
2207009,7.1,7.4
2207108,5.3,5.5
2207207,5.3,-
2207306,4,5.2
2207355,6.8,6.4
2207405,4.6,4.4
2207504,3.8,4.2
2207553,4.2,3.9
2207603,3.5,3.6
2207702,4.6,4.9
2207751,4,4.3
2207777,5.4,4.7
2207793,-,-
2207801,4.8,4.6
2207850,3.9,4
2207900,4.5,4.3
2207934,3.7,5
2207959,4.2,4.1
2208007,4.4,4.8
2208106,3.8,4.4
2208205,4.8,5.8
2208304,6.2,7
2208403,4.6,5.2
2208502,3.8,4.4
2208551,4.7,4.8
2208601,4.8,-
2208650,4.1,3.6
2208700,3.6,4.5
2208809,4.3,4
2208858,4,4.2
2208874,4.5,5.3
2208908,4.9,5.6
2209005,3.7,4.7
2209104,4.1,6.2
2209153,5.1,5.9
2209203,4.4,4.5
2209302,4.4,5
2209351,5.2,5.5
2209377,4.9,5.1
2209401,4.3,4.7
2209450,4.2,4.5
2209500,6,5.4
2209559,5.5,5.3
2209609,5.6,6
2209658,4.7,3.9
2209708,4.7,6.3
2209757,4,4.2
2209807,4.3,4.8
2209856,5,7.1
2209872,4.4,4.7
2209906,5.8,5.5
2209955,4.5,4.5
2209971,4.5,5.3
2210003,3.8,5.5
2210052,5.7,-
2210102,4.4,4.9
2210201,4,5.3
2210300,4.5,4.6
2210359,3.7,4.4
2210375,5.3,5.6
2210383,4.5,5.8
2210391,5.2,4.2
2210409,5.9,5.6
2210508,3.7,4.6
2210607,3.8,4.5
2210623,4.3,4.5
2210631,6.3,5.9
2210656,4.6,5.5
2210706,5,6.7
2210805,5.4,6.1
2210904,4.2,4.4
2210938,4.5,4.2
2210953,4.6,5.1
2210979,6.3,5.5
2211001,6.7,7.3
2211100,4.7,5
2211209,4.2,4.6
2211308,4.3,4.3
2211357,3.9,4.2
2211407,4.3,4.7
2211506,5.1,4.3
2211605,5.2,6
2211704,4.6,-
2300101,5.8,6.1
2300150,5.4,5.4
2300200,6.3,6.5
2300309,6,6
2300408,6.1,6.8
2300507,7.3,7.3
2300606,7.1,6.5
2300705,5.4,6
2300754,5.7,5.8
2300804,5.7,7.3
2300903,5.3,5.7
2301000,5.6,6
2301109,6.1,6.1
2301208,5.6,5.2
2301257,8.3,8.3
2301307,6,5.9
2301406,5.9,5.7
2301505,5.4,5.7
2301604,6,6.3
2301703,5.2,5
2301802,5.5,4.8
2301851,5.7,5.7
2301901,6.2,6.2
2301950,5.9,6
2302008,5.3,5.6
2302057,7.2,7.4
2302107,5,5.5
2302206,6.3,6
2302305,6.6,6.5
2302404,5.6,5.3
2302503,7.9,6.1
2302602,6.6,6.7
2302701,5.9,6.6
2302800,5.2,6.4
2302909,5.7,5.4
2303006,5.5,5.5
2303105,7.2,6.8
2303204,5.4,6
2303303,5.9,5.5
2303402,5.7,6.9
2303501,6.5,6.7
2303600,5.6,6
2303659,8.2,8.2
2303709,5.1,5.2
2303808,5.5,5.7
2303907,5.9,6.3
2303931,5.4,5.7
2303956,6,6.4
2304004,7.9,6.6
2304103,5.7,6.7
2304202,5.3,5.5
2304236,6.3,6.2
2304251,7.7,8.3
2304269,8.6,8.3
2304277,6.4,6.3
2304285,6.6,6.1
2304301,6.8,6.4
2304350,7.6,7
2304400,6,6.2
2304459,6.9,6.7
2304509,7.9,7.8
2304608,5.7,5.7
2304657,6.6,6.9
2304707,7.7,7
2304806,5.1,6
2304905,7.8,7.6
2304954,5.5,5.6
2305001,6.2,6.6
2305100,6.2,6
2305209,6.2,6.6
2305233,6.8,6.9
2305266,4.8,5.1
2305308,6.3,6.3
2305332,6,6
2305357,5.9,6
2305407,4.5,5
2305506,5.8,5.7
2305605,6.9,9.1
2305654,7,7.4
2305704,4.2,5.2
2305803,6.6,5.9
2305902,5.3,6.3
2306009,5.9,6.5
2306108,6.3,6.4
2306207,6.9,6.9
2306256,5.6,5.6
2306306,5.8,6.2
2306405,6,6.2
2306504,5.2,6.1
2306553,6.2,6.5
2306603,7.2,7.8
2306702,5.7,6.1
2306801,5.7,6.2
2306900,6.4,6.3
2307007,6.3,6.4
2307106,5.5,5.7
2307205,7.7,5.6
2307254,8.2,8.3
2307304,5,5.5
2307403,6.2,6.4
2307502,4.6,5.3
2307601,5.5,6.4
2307635,5.2,5.3
2307650,5.8,6
2307700,5.8,6.1
2307809,6.1,6
2307908,7.3,8.6
2308005,6.5,7
2308104,6,5.6
2308203,7.9,7.5
2308302,4.8,5.3
2308351,8.4,8.7
2308377,5.2,5.5
2308401,4.9,5.9
2308500,5.9,6.8
2308609,6.4,6
2308708,5.4,5.7
2308807,6.4,6.4
2308906,6.4,6.7
2309003,6.8,9.4
2309102,5.4,6.8
2309201,7,6
2309300,5.8,7.6
2309409,7.6,8.3
2309458,5.8,6.2
2309508,5.9,6.1
2309607,6,6.4
2309706,5.6,6
2309805,5.1,5.8
2309904,6.9,7
2310001,6.1,6.2
2310100,5.5,6.3
2310209,5.6,6.2
2310258,5.9,6.1
2310308,6.1,6.8
2310407,5.1,4.7
2310506,7.3,8.1
2310605,6.7,6.4
2310704,6.6,6.8
2310803,6.2,6.3
2310852,6.2,6.3
2310902,6.9,6.6
2310951,7.5,8.5
2311009,5.8,5.9
2311108,6.5,6
2311207,5.3,5.1
2311231,5.9,6.8
2311264,6.4,6.5
2311306,5.1,5.5
2311355,5.8,6.1
2311405,7.4,8
2311504,5.9,6.5
2311603,5.8,5.9
2311702,7.5,6.8
2311801,6.7,6.9
2311900,5.6,5.8
2311959,6.7,7.7
2312007,5.7,6.3
2312106,5.4,5.2
2312205,5.7,6.3
2312304,5.1,5.4
2312403,6.5,6.7
2312502,6.5,5.7
2312601,4.8,4.9
2312700,5.6,6.4
2312809,6.9,7.1
2312908,9.1,8.4
2313005,6.3,6.1
2313104,6.1,6.4
2313203,6,6.9
2313252,5.9,6.3
2313302,6.4,6.1
2313351,5.2,5.5
2313401,6.1,6.4
2313500,5.7,6.2
2313559,6.2,6
2313609,6.6,6.8
2313708,4.3,6.3
2313757,5.8,5.3
2313807,5.6,5.8
2313906,7.2,8.3
2313955,7.1,6.8
2314003,5.6,6.1
2314102,6.2,6.1
2400109,6.6,6.8
2400208,4.2,4.5
2400307,3.9,4
2400406,5,4.8
2400505,4.5,4.7
2400604,4.9,5
2400703,-,5.3
2400802,4.1,4.8
2400901,4.1,4.1
2401008,4.9,5.2
2401107,4.7,4.3
2401206,4,3.7
2401305,4.3,4.9
2401404,3.9,4.2
2401453,4.4,5
2401503,4.7,4.1
2401602,3.8,3.9
2401651,4.1,3.7
2401701,4,4.1
2401800,4.7,4.4
2401859,3.6,3.8
2401909,4.3,4.7
2402006,4.9,5.1
2402105,4.7,5
2402204,4,4.3
2402303,4.9,5
2402402,5.6,5.3
2402501,4.3,4.2
2402600,4.1,4.1
2402709,4.8,4.4
2402808,4.7,3.8
2402907,4.1,4
2403004,6.3,6.5
2403103,5.6,5.5
2403202,5.3,5.8
2403251,4.7,5
2403301,4.4,4.8
2403400,5.4,5
2403509,3.7,3.4
2403608,4.2,4.4
2403707,5.2,5.7
2403756,4,4.5
2403806,4.9,4.9
2403905,4.5,5.6
2404002,4.2,4.7
2404101,4,-
2404200,4.8,5.1
2404309,4.4,4.1
2404408,4.4,4.4
2404507,4.4,4.4
2404606,4.7,4.5
2404705,3.6,3.3
2404804,6.2,-
2404853,4.2,4.6
2404903,5.5,4.6
2405009,5.6,5.3
2405108,3.8,4.2
2405207,4.2,5
2405306,3.8,5.8
2405405,4,4.1
2405504,3.9,4.1
2405603,4.7,4.8
2405702,5.1,5.3
2405801,3.8,4.1
2405900,3.1,-
2406007,4.1,4.2
2406106,4.6,4.7
2406155,3.5,3.7
2406205,3.4,3.9
2406304,3.8,4.6
2406403,4,3.9
2406502,4.9,5.2
2406601,3.7,4.6
2406700,5.4,5.3
2406809,3.9,4.6
2406908,5.1,5.2
2407005,4.7,4
2407104,4.3,4.3
2407203,4,4.2
2407252,4.7,4.2
2407302,3.9,4.4
2407401,4.7,5.2
2407500,4,4.3
2407609,4.2,4.1
2407708,4.4,4.8
2407807,4.1,4.7
2407906,-,3.8
2408003,5.3,5.6
2408102,4.8,4.9
2408201,4.2,4.2
2408300,3.9,4
2408409,4.4,4.6
2408508,4.9,4.5
2408607,4.1,5.1
2408706,3.7,2.9
2408805,3.8,4.8
2408904,5.4,5.6
2408953,3.5,3.9
2409100,4.3,4.9
2409209,4,4.3
2409308,4.3,4.8
2409332,4.6,-
2409407,5,5.2
2409506,4.7,4.1
2409605,3.6,3.4
2409704,3.9,4
2409803,4.1,4
2409902,4.1,4.4
2410009,4.6,4.8
2410108,3.8,3.6
2410207,4.7,5
2410256,3.4,3.5
2410306,4.1,4.2
2410405,3.7,4
2410504,4,5.2
2410603,5.1,5.2
2410702,5.4,5.3
2410801,4.6,4.6
2410900,3.7,4.1
2411007,4.7,4.4
2411056,4.7,5.1
2411106,5.4,6.1
2411205,4.2,4.3
2411403,4.5,4.9
2411429,6,6
2411502,4.2,4.8
2411601,3.8,3.7
2411700,4.8,4.5
2411809,5.3,5.9
2411908,4.6,5.1
2412005,4,4.5
2412104,5.6,5.7
2412203,4,4.5
2412302,3.8,4.4
2412401,5.6,5.8
2412500,5.2,5.1
2412559,4.5,4.8
2412609,4.2,4.6
2412708,4.7,-
2412807,3.8,4.6
2412906,4.1,4.5
2413003,5.2,5
2413102,3.8,3.9
2413201,3.8,3.3
2413300,4.6,4.3
2413359,4.5,4.5
2413409,5,4.3
2413508,5,5.6
2413557,5,4.3
2413607,4.9,5.2
2413706,4.2,4.9
2413805,5.1,-
2413904,3.5,4.3
2414001,4.2,4.1
2414100,4.5,5
2414159,4.7,4.6
2414209,4.2,4.7
2414308,4.1,-
2414407,4.2,4.1
2414456,3.9,3.5
2414506,3.8,4.9
2414605,4.3,4.7
2414704,3.3,3.5
2414753,4.3,4.3
2414803,3.8,4.1
2414902,4.9,6.1
2415008,3.8,4
2500106,6.1,6.1
2500205,4.8,4.8
2500304,4.3,4.7
2500403,4.7,4.8
2500502,3.8,4.5
2500536,5,5.2
2500577,4.6,5.3
2500601,3.6,4.7
2500700,4.6,4.9
2500734,5.3,4.2
2500775,4.4,5.2
2500809,3.8,3.7
2500908,4.3,4.9
2501005,4.3,4.7
2501104,4.2,4.3
2501153,-,-
2501203,5.3,6
2501302,3.9,4.2
2501351,4.7,4.6
2501401,3.8,4.1
2501500,4.5,4.9
2501534,5.3,5.7
2501575,5.4,5.4
2501609,5,5.3
2501708,4.9,5.7
2501807,4.4,4.3
2501906,4.8,5
2502003,4.8,4.8
2502052,5.3,5.2
2502102,4.1,4.1
2502151,5.9,6.6
2502201,4.2,4.3
2502300,4.9,5.5
2502409,3.8,4.5
2502508,4.6,4.7
2502607,4.4,4.8
2502706,3.7,-
2502805,5.1,5.6
2502904,4.3,4.8
2503001,4,3.8
2503100,6.5,6.1
2503209,4.8,5
2503308,3.5,4.8
2503407,4.7,5.1
2503506,4.8,5.3
2503555,3.7,3.9
2503605,4.1,4
2503704,4.8,5.3
2503753,5.3,5.4
2503803,3.5,4.9
2503902,4.9,5.5
2504009,5.2,5.6
2504033,3.5,4.3
2504074,5.1,4.6
2504108,5.5,5.9
2504157,4.9,4.7
2504207,4.2,4
2504306,4.6,4.6
2504355,4.8,4.4
2504405,5.2,4.7
2504504,4.5,4.7
2504603,4.2,5.3
2504702,5.3,5.7
2504801,4.5,4
2504850,7.1,6.9
2504900,3.6,3.6
2505006,4.3,5.5
2505105,5.7,5.9
2505204,3.7,3.5
2505238,3.8,3.6
2505279,4.1,5.5
2505303,4.7,5.1
2505352,4.3,5
2505402,4.5,4.3
2505501,-,-
2505600,3.8,4.6
2505709,5.6,6.5
2505808,3.7,4.4
2505907,4,4.6
2506004,5.4,5.8
2506103,4.1,4.2
2506202,5.5,6.1
2506251,5.5,4.8
2506301,4.6,4.5
2506400,3.3,3.4
2506509,5.6,5.9
2506608,4.8,5.3
2506707,4.4,4.9
2506806,3.7,4.4
2506905,4.7,4.7
2507002,4.4,4.5
2507101,4.1,4.4
2507200,3.9,4.5
2507309,4.5,4.9
2507408,4,4.7
2507507,4.9,5.3
2507606,4.2,4.4
2507705,4.4,4.7
2507804,4.4,4
2507903,4.5,4.7
2508000,5,5.3
2508109,4.7,-
2508208,4.4,4.3
2508307,4.7,5.3
2508406,4.2,5.2
2508505,5.3,5.9
2508554,4.5,5
2508604,4.2,4.5
2508703,4,4.8
2508802,5.1,5.6
2508901,3.5,4.6
2509008,5.1,5.1
2509057,2.8,2.9
2509107,4.2,4.2
2509156,4.1,4.5
2509206,4.7,4.8
2509305,4.4,4
2509339,4.2,4.4
2509370,4.9,5.4
2509396,4.8,5.2
2509404,4.3,4.7
2509503,5.8,6.1
2509602,5,-
2509701,5.9,6.4
2509800,4.4,4.8
2509909,4.2,4.7
2510006,4.3,4.8
2510105,4.5,5.2
2510204,4.5,4.4
2510303,5.8,5.3
2510402,5,5
2510501,5.3,5.8
2510600,4.7,5.1
2510659,4.3,6.1
2510709,5.1,4.7
2510808,4.7,5.1
2510907,5.2,5.6
2511004,4.8,4.6
2511103,5.4,6.1
2511202,4.8,5.2
2511301,4.1,4.2
2511400,5.6,6
2511509,3.7,4.3
2511608,4.2,4.1
2511707,3.9,4.3
2511806,4.2,4.1
2511905,4.1,4.5
2512002,4.7,5.1
2512036,4.4,5
2512077,4.7,5.3
2512101,6,6.8
2512200,6,4.8
2512309,5.8,6.3
2512408,4.6,4.7
2512507,5.3,5.6
2512606,5.4,5.8
2512705,4.8,4.8
2512721,3.8,4.1
2512747,4.9,-
2512754,3.9,4.8
2512762,4.9,4.6
2512788,3.9,4.4
2512804,5,4.7
2512903,4.2,4.3
2513000,4.4,-
2513109,-,4.5
2513158,4.3,5
2513208,5.9,6.4
2513307,5.8,6
2513356,4.4,4.6
2513406,5.6,5.3
2513505,4.9,4.8
2513604,4,4.5
2513653,5.5,5.6
2513703,4,4.1
2513802,5.2,5.4
2513851,4.5,5.2
2513901,4.4,5
2513927,5.5,5.1
2513943,6.2,6.2
2513968,4.4,5.2
2513984,6,5.7
2514008,3.9,4.9
2514107,4.5,5
2514206,4.8,5.1
2514305,5.7,5.8
2514404,3.9,4.1
2514453,3.8,4.7
2514503,5,5.2
2514552,-,-
2514602,4.1,5
2514651,5.1,4.7
2514701,5.5,5.3
2514800,5.1,5.5
2514909,5.6,6.1
2515005,3.7,-
2515104,4.8,5.2
2515203,4.7,5.6
2515302,4.5,4.5
2515401,4.8,5.8
2515500,4.5,4.8
2515609,4.4,4.5
2515708,6,6.5
2515807,3.6,4.1
2515906,4.2,4.2
2515930,4.7,4.4
2515971,5.2,4.8
2516003,4.6,4.7
2516102,4.1,4.6
2516151,4.6,4.9
2516201,4.9,5.7
2516300,4.8,5.4
2516409,4.6,4.9
2516508,4.3,4.3
2516607,5.5,5.3
2516706,4.8,4.7
2516755,4.3,4.1
2516805,4.5,3.9
2516904,4.4,4.7
2517001,3.7,4.9
2517100,6.6,6.6
2517209,5.6,6
2517407,5,5.3
2600054,4.5,5
2600104,5.5,6.1
2600203,4.6,5.1
2600302,4.4,5
2600401,4.6,4.8
2600500,5.1,4.7
2600609,4.8,4.5
2600708,3.4,4.2
2600807,4.8,5.1
2600906,4.5,4.1
2601003,4.4,5.1
2601052,4.6,4.9
2601102,4.3,4.9
2601201,5.8,5.8
2601300,6.4,6.3
2601409,4.4,3.8
2601508,4.9,4.9
2601607,4.8,5.1
2601706,4.3,4.7
2601805,4.7,5.8
2601904,5.5,5.4
2602001,4,3.8
2602100,4.6,5.1
2602209,5.1,5.4
2602308,7.2,7.1
2602407,5.2,5.7
2602506,6.1,7
2602605,4.5,4.4
2602704,4.9,4.7
2602803,4.5,4.9
2602902,4.8,5
2603009,5.1,5.1
2603108,5.1,4.7
2603207,4.9,5.2
2603306,3.9,5.5
2603405,-,5.2
2603454,5,5.1
2603504,4.6,5.2
2603603,4.7,5.2
2603702,4.8,4.7
2603801,5,5.7
2603900,6.2,6.2
2603926,4.2,4
2604007,4.7,5.2
2604106,5.2,5.5
2604155,5.2,6.8
2604205,4.1,4.2
2604304,4.9,4.6
2604403,4.1,4.5
2604502,4.2,4.1
2604601,4.3,4.7
2604700,4.1,4.3
2604809,4.7,5.4
2604908,4.7,4.5
2605004,4.7,5.4
2605103,4.7,6.3
2605152,6.2,6.4
2605202,4,4
2605301,5.1,5.5
2605400,5.2,5.5
2605459,6.2,6.2
2605509,4.3,4.6
2605608,5.1,5
2605707,4.7,4.7
2605806,4.7,4.3
2605905,3.5,4.4
2606002,4.7,5.4
2606101,4.2,4.7
2606200,4,4.3
2606309,5.5,5.1
2606408,4.2,4.8
2606507,4.6,4.7
2606606,4.8,5.9
2606705,5.1,5.3
2606804,4.6,5.1
2606903,5.2,5.9
2607000,4.1,5
2607109,5.5,5.6
2607208,4.5,4.8
2607307,4.8,5.3
2607406,4.4,5.2
2607505,4.1,5
2607604,4.8,4.7
2607653,4.3,4.2
2607703,5.3,6.5
2607752,5.1,5.9
2607802,3.6,4
2607901,5.2,5.3
2607950,4.4,4.7
2608008,3.9,4.8
2608057,4.8,5.5
2608107,4.8,6.3
2608206,4.3,4.7
2608255,5.5,5.4
2608305,5.6,5.6
2608404,4.8,5
2608453,4.5,5.3
2608503,4.5,4.8
2608602,4.5,5.2
2608701,4.6,4.6
2608750,6.3,5.2
2608800,4.7,4.9
2608909,5.4,5.8
2609006,4.5,5
2609105,4.7,7.1
2609154,3.9,4.1
2609204,4,4.6
2609303,4,4
2609402,4,4.6
2609501,4.5,4.6
2609600,4.5,5
2609709,6.3,6.7
2609808,3.8,4.4
2609907,3.8,4.2
2610004,4.8,5.1
2610103,3.5,4.1
2610202,7.1,7.6
2610301,5,5.2
2610400,4.7,4.8
2610509,5.1,5.1
2610608,4.1,4.8
2610707,4.7,5.1
2610806,4.5,5
2610905,4.5,5.6
2611002,5.4,5.4
2611101,5.8,6.2
2611200,4.9,5.3
2611309,4.2,5
2611408,3.9,4.5
2611507,4.7,4.9
2611533,6,6.2
2611606,5,5.2
2611705,4.5,4.7
2611804,4.4,4.2
2611903,3.9,5.1
2612000,5.1,5.7
2612109,5.2,5.6
2612208,5.3,5.7
2612307,5.6,5.9
2612406,5,5.1
2612455,4.9,5.3
2612471,4.9,5.7
2612505,5.3,5.2
2612554,4.7,5.4
2612604,3.9,4.3
2612703,5.2,5.1
2612802,4.8,5.1
2612901,4.4,4.3
2613008,5.6,5.6
2613107,4.8,4.8
2613206,5.1,5.2
2613305,4.5,5.4
2613404,4.2,4.2
2613503,5.3,5.3
2613602,5.8,5.9
2613701,4.2,4.6
2613800,4.4,4.1
2613909,5.1,5.7
2614006,5.1,5.1
2614105,4.7,5
2614204,4.4,4.6
2614303,4.6,4.8
2614402,5.7,6.2
2614501,5,5
2614600,5.5,6
2614709,4.2,-
2614808,5.2,5.5
2614857,4.7,5.3
2615003,5.4,5.6
2615102,5.4,5.4
2615201,5.5,5.3
2615300,5,5.2
2615409,4.4,4.3
2615508,4.7,5.7
2615607,5.3,5.7
2615706,6.2,6.3
2615805,3.9,4.7
2615904,5.7,6.2
2616001,4.7,5.6
2616100,4.1,4.3
2616183,5.1,5.4
2616209,4.4,4.6
2616308,4.5,4.9
2616407,4.2,4.2
2616506,4.8,5
2700102,4.7,4.9
2700201,4.2,5.7
2700300,5,5.4
2700409,4.2,4.6
2700508,4.2,4.5
2700607,5.2,5.4
2700706,4.8,5.5
2700805,5.8,5.5
2700904,3.8,5.8
2701001,5,5.1
2701100,5.4,6.2
2701209,5,5.6
2701308,4.6,4.9
2701357,4.1,5
2701407,6.2,7
2701506,4,4.6
2701605,4.8,5.9
2701704,4.3,5.2
2701803,4.4,5.1
2701902,4.2,5.3
2702009,4.6,5.6
2702108,4.5,4.5
2702207,4.4,5.2
2702306,8.5,8.9
2702355,4.2,4.9
2702405,4.2,4.7
2702504,5,5.6
2702553,4.6,4.6
2702603,4.6,4.1
2702702,5.2,5.6
2702801,4.9,5.3
2702900,4.1,5.1
2703007,4.6,5
2703106,4.6,4.7
2703205,4.7,5.3
2703304,5,5.3
2703403,4.8,4.7
2703502,5.1,5.3
2703601,3.1,4.3
2703700,5,5.7
2703759,7.2,8.1
2703809,4.4,4.5
2703908,4.8,4.8
2704005,6.1,7.6
2704104,4.3,5.3
2704203,5.1,5.5
2704302,5,5.3
2704401,4.4,5.8
2704500,4,4.2
2704609,4.6,5.7
2704708,4.8,5.4
2704807,4.4,4.6
2704906,5.5,5.1
2705002,4.9,4.9
2705101,4.5,5.2
2705200,5.8,6.1
2705309,4.3,4.8
2705408,3.7,-
2705507,5.1,5.8
2705606,3.6,4.9
2705705,4.4,5
2705804,4.2,4.5
2705903,4.8,4.3
2706000,4,4.8
2706109,4.3,4.6
2706208,5.3,5.1
2706307,5,5.4
2706406,4.4,4.9
2706422,5.5,5.2
2706448,4.7,4.9
2706505,3.6,4.6
2706604,4.7,5.4
2706703,5.1,5.6
2706802,5.2,4.9
2706901,4.3,4.9
2707008,6.1,5.7
2707107,4.6,5
2707206,4.2,4.4
2707305,4.6,4.8
2707404,4.5,4.4
2707503,4.5,4.9
2707602,4.7,5.7
2707701,4.8,5.1
2707800,6.3,5.5
2707909,3.8,4.9
2708006,4.1,4.3
2708105,5,7.5
2708204,4.1,4.4
2708303,5.5,6
2708402,5.3,5.4
2708501,4.6,4.6
2708600,5.3,5.8
2708709,5.4,4.7
2708808,4.4,4.7
2708907,4.4,5.3
2708956,4.7,5.1
2709004,4.4,5
2709103,5.6,5.6
2709152,6.9,8.4
2709202,3.9,4
2709301,5.2,5.9
2709400,5.7,5.8
2800100,5,5.4
2800209,4.1,4.1
2800308,4.6,4.9
2800407,4.4,4.6
2800506,4.2,4.3
2800605,4.1,4.1
2800670,4.3,4.4
2800704,3.4,3.7
2801009,4.3,4.5
2801108,5,4.1
2801207,4.1,4.3
2801306,4,4.4
2801405,4.2,4.3
2801504,4.2,4.4
2801603,4.1,4.1
2801702,4.3,4.5
2801900,3.8,3.8
2802007,3.9,4.8
2802106,3.9,4.1
2802205,3.5,3.5
2802304,3.7,3.9
2802403,4.1,4.4
2802502,3.6,3.9
2802601,5.1,4.4
2802700,3.6,4
2802809,4.2,3.7
2802908,4.6,4.6
2803005,4.9,5.7
2803104,4.1,3.6
2803203,4.3,4.2
2803302,4.9,4.9
2803401,3.9,4.1
2803500,4.4,4.9
2803609,3.8,4
2803708,4.5,4.8
2803807,4.2,5
2803906,4.1,4.2
2804003,3.5,4
2804102,4.2,4.3
2804201,3.8,3.7
2804300,3.7,4.3
2804409,3.8,4.6
2804458,4,4.3
2804508,4.3,4.7
2804607,4.2,4.1
2804706,4.1,4.2
2804805,4.6,5
2804904,3.7,3.8
2805000,3.7,4.7
2805109,3.8,3.8
2805208,4,4.6
2805307,4.6,4.3
2805406,3.6,3.8
2805505,4.9,5.2
2805604,3.5,4
2805703,4,4.2
2805802,4,4.3
2805901,3.8,4
2806008,4.3,4.5
2806107,4.3,3.8
2806206,4.1,4.3
2806305,3.9,3.9
2806404,3.9,3.8
2806503,3.5,3.8
2806602,4.5,4.5
2806701,4.1,5.1
2806800,4.7,4.5
2806909,4.2,4.4
2807006,3.4,3.7
2807105,4.4,4.7
2807204,4,4.6
2807303,4.6,4.8
2807402,4.8,4.8
2807501,4.6,4.8
2807600,4.2,4.5
2900108,5.6,5.5
2900207,4.9,5.5
2900306,3.9,3.8
2900355,5.1,5
2900405,3.7,4.2
2900504,4.2,4.4
2900603,3.8,3.9
2900702,4.2,4.7
2900801,4.8,5
2900900,3.4,4.6
2901007,5,5.3
2901106,4.3,4.6
2901155,4.9,5.1
2901205,4.6,4.9
2901304,5.7,5.9
2901353,4,4.4
2901403,4.6,4.8
2901502,5,4.5
2901601,4,4.4
2901700,4.1,-
2901809,5.1,5.3
2901908,3.4,3.3
2901957,3.9,4.2
2902005,4.5,4.7
2902054,4,4.5
2902104,3.5,4.4
2902203,4,4.8
2902252,3.4,3.7
2902302,3.8,3.3
2902401,3.8,4.1
2902500,5.1,5
2902609,4.5,4.8
2902658,4.4,5.5
2902708,4.2,4.4
2902807,5.5,6
2902906,4.1,4.1
2903003,5.9,6.2
2903102,-,4.6
2903201,5,5.1
2903235,5.1,5.2
2903276,4.4,5.2
2903300,5.2,5.4
2903409,4,4.2
2903508,4.9,4.3
2903607,3.3,-
2903706,4.6,5.2
2903805,5.1,5.5
2903904,4.8,4.4
2903953,4.7,4.7
2904001,5.2,5.5
2904050,5,5.2
2904100,5.2,5
2904209,6.1,6
2904308,5.1,5.2
2904407,4.7,4.9
2904506,4.4,5.3
2904605,6.1,6.1
2904704,4,4
2904753,4.5,4.7
2904803,5,5.4
2904852,3.8,3.7
2904902,3.8,4
2905008,6.4,6.6
2905107,4.6,4.4
2905156,4.5,4.9
2905206,5.1,5.3
2905305,4.9,4.9
2905404,4.4,4.8
2905503,3.7,4.2
2905602,3.7,4.1
2905701,4.8,5.1
2905800,4.1,4
2905909,4.1,4.2
2906006,4.4,4.7
2906105,4.3,4.8
2906204,4.4,4.8
2906303,4,4
2906402,3.8,4.4
2906501,4.7,4.9
2906600,4.9,5.2
2906709,4.3,4.4
2906808,3.5,3.9
2906824,4.2,4.2
2906857,4.9,5.1
2906873,4.4,4.6
2906899,4.1,4.5
2906907,4.8,4.7
2907004,3.8,4.8
2907103,4.4,4.7
2907202,4.2,4.3
2907301,4.4,5
2907400,5.1,4.9
2907509,4.8,5.1
2907558,4.6,4.5
2907608,4.5,4
2907707,4.6,4.9
2907806,4.4,4.7
2907905,3.7,4
2908002,4.2,4.5
2908101,4.9,5.1
2908200,4.6,4
2908309,4.3,4.1
2908408,4.3,4.6
2908507,4.5,4.5
2908606,4,3.9
2908705,6.1,6.2
2908804,5.2,5.1
2908903,3.7,4.1
2909000,6.3,6.2
2909109,5.1,5.5
2909208,4.6,4.7
2909307,4.4,4.9
2909406,4.5,5
2909505,4.7,5.3
2909604,5.1,4.9
2909703,4.9,4.8
2909802,4.7,4.8
2909901,4.9,4.9
2910008,3.9,4.5
2910057,4.5,4.7
2910107,5.3,5.4
2910206,5.7,5.1
2910305,4.6,5.1
2910404,4.5,4.7
2910503,3.9,4.1
2910602,3.7,3.5
2910701,4.1,4.3
2910727,4.4,4.5
2910750,5.4,5.2
2910776,5.8,-
2910800,4.5,4.8
2910859,4.1,4.2
2910909,4.5,5
2911006,4.2,4.3
2911105,4.5,4.9
2911204,5.3,5
2911253,4.6,4.7
2911303,5.4,5.8
2911402,4,-
2911501,4.5,4.1
2911600,4.7,4.9
2911659,4.6,4.6
2911709,4.9,5.2
2911808,4.2,4.3
2911857,4.9,4.8
2911907,4.8,4.7
2912004,6,6.1
2912103,4.7,4.2
2912202,4.4,4.5
2912301,4.9,4.9
2912400,4.8,5.3
2912509,5,6.2
2912608,4,4.7
2912707,4.4,4.6
2912806,5.1,4.9
2912905,4.2,4
2913002,5.7,6.5
2913101,4.3,4.7
2913200,4.8,4.8
2913309,4.1,4.9
2913408,4.7,5.2
2913457,4.2,4.2
2913507,4.2,4.5
2913606,4.6,4.6
2913705,3.7,3.8
2913804,3.7,4
2913903,4.4,4.7
2914000,4.4,4.4
2914109,5.4,5.3
2914208,4.8,4.5
2914307,4.3,4.4
2914406,5.6,6.1
2914505,4.6,4.6
2914604,5.5,5.9
2914653,4.3,4.3
2914703,4.7,4.7
2914802,4,4.3
2914901,4.3,4.3
2915007,5.1,4.8
2915106,4.9,4.3
2915205,4.9,4.9
2915304,3.7,4.2
2915353,4.4,4
2915403,3.7,4.2
2915502,4.1,4.2
2915601,5.2,5.5
2915700,4.4,4.4
2915809,3.6,3.4
2915908,4,5.5
2916005,5.1,5.1
2916104,4.3,4.7
2916203,4.5,5.3
2916302,4.1,3.7
2916401,4.5,4.7
2916500,4.1,4.7
2916609,4.3,5
2916708,5.4,5.4
2916807,4.5,4.6
2916856,7.1,6.9
2916906,4.1,4.8
2917003,4,4.6
2917102,4.3,4.4
2917201,5.2,5.7
2917300,4.6,4.7
2917334,4.6,4.9
2917359,5.8,5.9
2917409,6.6,6.5
2917508,4.9,4.8
2917607,4.1,4.5
2917706,4.5,4.3
2917805,4.3,4.3
2917904,4.4,4.7
2918001,4.4,4.4
2918100,3.7,4
2918209,4.9,4.7
2918308,4.1,4.7
2918357,4.7,5.3
2918407,5.4,5.7
2918456,4.6,5.2
2918506,4.8,5
2918555,4,4
2918605,5.1,5.2
2918704,4.9,5.3
2918753,4.8,5.1
2918803,4.3,4.5
2918902,4.9,-
2919009,4.2,3.8
2919058,4.6,5.9
2919108,4.2,4
2919157,4.6,5.2
2919207,4.5,4.9
2919306,4.7,4.8
2919405,6.8,7.3
2919504,5.8,5.5
2919553,5.5,5.3
2919603,4.2,4.6
2919702,5.1,5.5
2919801,5.4,5.7
2919900,4.2,4.3
2919926,5.1,5.3
2919959,5.8,5.3
2920007,4.5,4.9
2920106,4.6,4.2
2920205,3.9,5.1
2920304,5.7,6.2
2920403,4.3,4.6
2920452,5.3,4.6
2920502,4.8,5
2920601,4,4
2920700,4.1,-
2920809,4.8,5
2920908,4,3.7
2921005,5.7,5.9
2921054,5.2,5.1
2921104,5,4.8
2921203,4.6,4.7
2921302,4.2,4.5
2921401,4.6,5.2
2921450,5.1,5.8
2921500,4,4.3
2921609,4.1,3.9
2921708,4.4,5.4
2921807,6.1,6.5
2921906,5.1,5.5
2922003,4.5,5
2922052,4.3,4.8
2922102,4.8,5.3
2922201,4.4,5
2922250,4.8,4.3
2922300,3.8,4
2922409,4.2,4.8
2922508,5.1,5.2
2922607,4.4,4.7
2922656,4.1,4.7
2922706,3.8,3.6
2922730,4.5,5.2
2922755,4.5,4.4
2922805,5.4,5.5
2922854,4.3,5
2922904,4.2,4.7
2923001,5,4.9
2923035,6.4,6.6
2923050,4,3.9
2923100,4.3,4.4
2923209,4.3,5.6
2923308,4.3,4.6
2923357,4.1,4.1
2923407,4.2,4.5
2923506,5.2,5.5
2923605,5.1,5.1
2923704,4.4,4.2
2923803,5.1,4.9
2923902,5.3,5
2924009,5.3,5.1
2924058,-,4.9
2924108,3.7,4.2
2924207,3.8,3.6
2924306,5.9,6.6
2924405,3.5,4
2924504,4.8,4.9
2924603,4.5,5
2924652,5.1,5.5
2924678,4.4,4.4
2924702,5.8,6.6
2924801,3.9,4.8
2924900,5.2,5.4
2925006,4.8,5.4
2925105,4.7,5
2925204,5.2,5.7
2925253,3.6,4.8
2925303,4.5,4.8
2925402,4.2,4.4
2925501,4.1,4.4
2925600,5.1,5.1
2925709,4.9,4.5
2925758,4.8,4.9
2925808,4.7,4.8
2925907,4.1,4.2
2925931,4.6,5.4
2925956,4.3,4.5
2926004,4,4.3
2926103,4.6,4.8
2926202,4.2,4
2926301,3.9,4.8
2926400,6.1,5.5
2926509,4,4.2
2926608,5.5,5.8
2926657,3.8,4.2
2926707,6.2,5.1
2926806,5.2,5.3
2926905,4.3,4.6
2927002,4.8,4.8
2927101,5.2,4.7
2927200,4.4,4.8
2927309,4.4,5.1
2927408,5.3,5.6
2927507,4,4.1
2927606,5.1,4.7
2927705,4.3,4.8
2927804,4.3,4.7
2927903,4.3,5
2928000,4.5,4.7
2928059,3.7,4.2
2928109,5,4.9
2928208,4.6,5
2928307,3.5,4.1
2928406,4,4.6
2928505,4.6,4.8
2928604,4.5,4.7
2928703,4.8,4.8
2928802,4.4,4.3
2928901,4.9,5
2928950,4.3,4.4
2929008,4,4.9
2929057,5.4,5.5
2929107,4.9,4.7
2929206,5,4.6
2929255,5,5.6
2929305,4.3,4.4
2929354,3.7,4.3
2929370,4.2,4
2929404,4.9,5
2929503,4.9,5.5
2929602,4.7,4.6
2929701,4.3,4.7
2929750,4.2,5
2929800,4.1,4.5
2929909,5.8,6.2
2930006,6.4,6.1
2930105,4,4.4
2930154,4.6,4.8
2930204,4.1,4.5
2930303,4.9,5
2930402,4.3,4.5
2930501,3.8,3.8
2930600,5.4,5.4
2930709,4.5,4.6
2930758,4.6,4.2
2930766,4.1,3.9
2930774,5.1,5.2
2930808,5.9,5.7
2930907,4.5,4.8
2931004,4.3,5.7
2931053,5.2,6.2
2931103,4.2,4
2931202,4.2,4.3
2931301,5.3,6
2931350,5,4.9
2931400,4.1,4.2
2931509,4.5,4.5
2931608,4.1,3.9
2931707,3.7,4.4
2931806,4.7,5.4
2931905,5.1,5
2932002,5.2,5.3
2932101,4.5,5.1
2932200,-,5
2932309,4,4
2932408,4.6,4.5
2932457,4,4.2
2932507,4.3,4.8
2932606,6,6
2932705,3.6,4.2
2932804,4.7,4.9
2932903,4.2,4.1
2933000,5.1,5.5
2933059,3.6,4.3
2933109,4.2,4.2
2933158,4.5,4.7
2933174,4.3,4.6
2933208,4.3,4.8
2933257,5.6,5.6
2933307,4.7,5.6
2933406,5.9,6.5
2933455,5.3,5.5
2933505,4,4.4
2933604,4.6,4.7
3100104,6.6,7.3
3100203,7,6.9
3100302,6.8,6.6
3100401,6.4,6.3
3100500,5.8,6.6
3100609,6.6,6.5
3100708,5.7,6.7
3100807,7.6,7.4
3100906,6.1,5.9
3101003,6.1,6.2
3101102,6.2,6.2
3101201,6.5,6.9
3101300,6.4,5.9
3101409,6.3,6.8
3101508,5.9,5.5
3101607,6.5,6.3
3101631,7.3,6.7
3101706,4.7,4.8
3101805,4.7,5.5
3101904,6.6,6.7
3102001,7,7
3102050,6.4,6.2
3102100,6.5,6.3
3102209,7.1,7.5
3102308,6.2,6.4
3102407,5.1,5.5
3102506,6.4,5.3
3102605,7,6.7
3102704,5.9,5.7
3102803,6.7,6.8
3102852,7.2,6.6
3102902,6.9,6.5
3103009,6.7,6.3
3103108,6.5,6.4
3103207,6.1,6.4
3103306,-,5.6
3103405,6,6
3103504,6.5,6.5
3103603,5.2,6
3103702,6.7,6.2
3103751,6,6.1
3103801,7.7,7.4
3103900,7.4,7.5
3104007,6.8,6.8
3104106,6.6,6.2
3104205,7,6.6
3104304,6.6,7
3104403,5.7,5.5
3104452,7,7.3
3104502,5.5,5.9
3104601,6,6.4
3104700,5.9,5.4
3104809,5.1,5.7
3104908,6.4,6.5
3105004,6.5,6.4
3105103,7,7
3105202,6.4,5.7
3105301,6.5,6.4
3105400,6.3,6.1
3105509,5.6,6.2
3105608,6.7,6.7
3105707,6.1,5.3
3105905,6.8,6.7
3106002,6.1,5.9
3106101,5.6,-
3106200,6.4,6.2
3106309,5.8,6.4
3106408,6.3,6.3
3106507,6.5,6.2
3106606,5.9,5.9
3106655,5.9,6.1
3106705,6.1,6.1
3106804,6.8,6.3
3106903,6.3,5.7
3107000,6.5,6.1
3107109,6.5,6.9
3107208,6.5,7.1
3107307,6.4,6.4
3107406,6.7,6.7
3107505,6.3,6
3107604,7,7.1
3107703,-,6
3107802,6.5,6.3
3107901,6.3,6.4
3108008,7,6.7
3108107,5.7,5.6
3108206,6.3,6
3108255,5.3,5.3
3108305,7,7.1
3108404,6.7,6.6
3108503,6.2,6.1
3108552,6.4,6.2
3108602,6.5,6.3
3108701,7,6.7
3108800,5.2,6.1
3108909,6.7,6.1
3109006,6.4,6.7
3109105,6.4,6.7
3109204,6.4,5.5
3109253,6.7,6.5
3109303,5.8,5.7
3109402,5.6,5.4
3109451,6.1,5.3
3109501,6.7,6.6
3109600,6.8,6.2
3109709,7.2,7
3109808,6.4,6.1
3109907,7,6.8
3110004,6.6,6.5
3110103,4.9,5.5
3110202,6.9,5.7
3110301,6.5,6.5
3110400,-,6.4
3110509,5.9,5.6
3110608,6.6,6.8
3110707,6.8,5.9
3110806,4.9,5.2
3110905,6,6
3111002,6.9,6.3
3111101,6.4,6.6
3111150,5.6,5.9
3111200,6.8,6.8
3111309,7.2,7.4
3111408,5.5,5.5
3111507,6.2,6.5
3111606,6.6,6.4
3111705,6.3,6.4
3111804,6.5,6.9
3111903,5.9,6
3112000,7.4,6.7
3112059,5.6,5.4
3112109,6.2,5.6
3112208,6.3,6.9
3112307,7.1,7.1
3112406,6.1,6.6
3112505,6.1,5.9
3112604,6.3,6.7
3112653,5.7,5.9
3112703,5,5.1
3112802,7.5,7.2
3112901,5.9,6.1
3113008,5.7,5.6
3113107,6.5,5.3
3113206,6.9,7
3113305,5.8,5.5
3113404,6.5,6.4
3113503,6.3,6.3
3113602,5.9,5.6
3113701,5.8,5.3
3113800,5.4,6.6
3113909,6.3,5.9
3114006,7.4,6.8
3114105,6.3,6.3
3114204,6.6,6.5
3114303,7.1,7.2
3114402,6.9,6.9
3114501,7.1,6.9
3114550,6,6
3114600,6.8,6.7
3114709,7.1,7.6
3114808,7,6.4
3114907,7.1,6.3
3115003,7.5,7.1
3115102,6.4,6.2
3115201,6.1,6.4
3115300,6,6.1
3115359,7,6.7
3115409,6,6.7
3115458,5.6,5.4
3115474,6,5.8
3115508,6.1,6.2
3115607,6.7,5.7
3115706,6.5,6.7
3115805,6.3,6.5
3115904,5.6,5.1
3116001,6.2,5.9
3116100,6.1,6.2
3116159,6.2,5.9
3116209,5.2,5.7
3116308,6.6,6
3116407,6.5,6.4
3116506,6.1,5.6
3116605,7.1,6.9
3116704,6.9,-
3116803,6,6.4
3116902,6,5.8
3117009,5.5,5.6
3117108,7.5,6.7
3117207,6.1,6.8
3117306,5.4,5.6
3117405,5.7,5.8
3117504,6.1,5.9
3117603,6.9,5.7
3117702,5.6,5.8
3117801,7.1,7.2
3117836,5.4,5.5
3117876,6.5,6.6
3117900,6.5,6.1
3118007,6.4,6.5
3118106,4.9,6.1
3118205,5.4,5.8
3118304,6.7,6.8
3118403,6.1,6.1
3118502,7.1,7
3118601,6.2,6
3118700,6.7,6.8
3118809,6.2,6.1
3118908,6.3,5.7
3119005,7.5,5.8
3119104,6.2,5.5
3119203,6.3,6.4
3119302,6.9,6.9
3119401,6.3,6.3
3119500,5.6,5.3
3119609,6,5.2
3119708,6.6,6.6
3119807,-,6.9
3119906,7.4,7.2
3119955,7.3,7.2
3120003,6.6,5.6
3120102,5.5,6
3120151,5,4.9
3120201,6.6,6.9
3120300,5.4,4.6
3120409,6.2,5.9
3120508,7,6.5
3120607,6.5,6.4
3120706,6.5,6.6
3120805,6.6,6.5
3120839,5.2,6.7
3120870,6.4,6.2
3120904,6.4,6.2
3121001,6.7,6.6
3121100,7.2,7.5
3121209,6.3,6
3121258,5.3,5.2
3121308,7.1,7.3
3121407,6.8,6.9
3121506,7.1,6.3
3121605,6.5,6.4
3121704,6.2,5.5
3121803,6.3,5.9
3121902,6.2,6.6
3122009,6,5.4
3122108,5.8,5.5
3122207,6.5,6.6
3122306,7,6.8
3122355,6,5.6
3122405,6.8,6.9
3122454,5.6,5.7
3122470,6.5,6.3
3122504,6.8,6.6
3122603,6.5,6.4
3122702,8,7.4
3122801,7.4,6.8
3122900,6.7,6.8
3123007,6.9,6.8
3123106,5.8,6.3
3123205,6.4,6
3123304,-,6.6
3123403,5.7,5.2
3123502,6.3,6.5
3123528,6.4,6.2
3123601,6,6.2
3123700,6.3,6.2
3123809,6.5,5.7
3123858,6.5,6.5
3123908,6.7,7.1
3124005,6.3,6.7
3124104,5.8,5.7
3124203,5.8,6.2
3124302,5.8,6.3
3124401,7.5,6.5
3124500,6.9,6.3
3124609,5.8,6.4
3124708,6.2,4.9
3124807,6,6.1
3124906,5.9,5.8
3125002,5.7,5.4
3125101,6.6,6.4
3125200,6.7,5.7
3125309,6,6.4
3125408,4.6,-
3125507,6.9,6.6
3125606,5.4,5.7
3125705,5.9,6.1
3125804,6.5,6.5
3125903,6.4,6.3
3125952,6,6
3126000,7.4,7.3
3126109,7.3,7.2
3126208,6.3,6
3126307,7.3,6.4
3126406,7.1,7.2
3126505,7,7.2
3126604,5.7,5.3
3126703,5.5,5.5
3126752,5.3,5.3
3126802,5.8,5.9
3126901,5.5,5.6
3126950,6.4,6.3
3127008,6.2,6.5
3127057,5.9,5.3
3127073,6.4,7.1
3127107,6.4,6.2
3127206,5.3,5.7
3127305,6,5.8
3127339,6.4,5.2
3127354,6,6
3127370,6.4,6.1
3127388,6,6.3
3127404,7.3,7.5
3127503,6.6,6.3
3127602,7.2,6.4
3127701,6.1,6.2
3127800,6.3,5.8
3127909,5.9,6.5
3128006,6.2,6.3
3128105,6.7,6.8
3128204,6.6,6
3128253,6.1,6.2
3128303,6.3,6.5
3128402,6.6,6.5
3128501,5.2,6
3128600,6.4,6.1
3128709,7,6.7
3128808,7.5,7.7
3128907,6.5,6.6
3129004,6.5,6.6
3129103,6,7
3129202,6,6.2
3129301,6.5,6
3129400,5.9,6.2
3129509,6.6,6.2
3129608,5.5,5.2
3129657,6.2,6.1
3129707,6.4,6.6
3129806,6.2,6.1
3129905,6.4,6.4
3130002,4.9,7.3
3130051,5.3,6.1
3130101,6.4,6.1
3130200,6.7,6.7
3130309,6.5,5.8
3130408,6.5,6
3130507,6.9,6.9
3130556,6,5.8
3130606,6.2,6.2
3130655,5.8,6.5
3130705,5.8,5.4
3130804,6,6
3130903,6,6.4
3131000,5.7,6
3131109,5.9,6.1
3131158,6.4,6.2
3131208,7,6.3
3131307,6.7,6.6
3131406,6.1,5.6
3131505,6.8,6.5
3131604,6.6,6.7
3131703,6.4,6.4
3131802,5.9,6.2
3131901,6.7,6.5
3132008,6.8,7.1
3132107,5.6,5.3
3132206,7,7
3132305,5.6,5.2
3132404,7,6.6
3132503,6.7,7.1
3132602,7.6,6.3
3132701,5.7,5.3
3132800,7,6.9
3132909,7.3,6.9
3133006,5.8,6
3133105,7,7.1
3133204,6,5.9
3133303,6,5.6
3133402,6.8,6.1
3133501,6.5,6.7
3133600,6.4,6.3
3133709,6.4,6.9
3133758,7.3,7.6
3133808,7.4,7.3
3133907,6.3,6.5
3134004,5.6,5.5
3134103,6,6.4
3134202,6.3,6.3
3134301,6.8,6.4
3134400,6.6,6.5
3134509,7,6.4
3134608,6.2,6.2
3134707,5.5,5.4
3134806,6.9,6.4
3134905,6.4,6.7
3135001,6,6
3135050,5.7,5.6
3135076,4.4,4.2
3135100,6.4,6.2
3135209,5.5,5.5
3135308,7.4,7.7
3135357,6.7,5.9
3135407,6,6.9
3135456,5.7,5.7
3135506,5.9,5.9
3135605,6.1,5.9
3135704,6.9,6.3
3135803,5.5,5.9
3135902,6.9,6.3
3136009,6,5.3
3136108,7.2,6.7
3136207,6.8,6.8
3136306,6.3,6.3
3136405,6.9,6.1
3136504,5.4,5.6
3136520,6.2,6
3136553,6.1,6.8
3136579,5.3,5.7
3136603,6.2,5.4
3136652,6.5,6.3
3136702,5.6,5.6
3136801,6.2,5.8
3136900,7,6.7
3136959,5.1,5.1
3137007,5.1,5.4
3137106,6.9,6.2
3137205,7.2,7.1
3137304,6,6.1
3137403,7.1,7.1
3137502,7.4,7.2
3137536,6.6,6.9
3137601,6.5,6.3
3137700,6,6.1
3137809,7,6.8
3137908,7.5,6.7
3138005,6.2,6.6
3138104,6.2,5.4
3138203,6.3,6.3
3138302,7,6.7
3138351,7.2,5.9
3138401,5.7,5.8
3138500,6.3,5.7
3138609,6,6
3138625,5.8,6
3138658,6.2,6.4
3138674,6.4,6.9
3138682,6.2,6.2
3138708,7.4,6.6
3138807,6.5,6.3
3138906,5.5,6.1
3139003,7.2,7.2
3139102,6.4,6
3139201,5.8,5.6
3139250,5.9,6
3139300,5.2,5.4
3139409,6.3,6.3
3139508,6,5.8
3139607,6.4,6.1
3139706,5.6,5.9
3139805,6,5.8
3139904,7,6.7
3140001,6.1,6.2
3140100,5.9,5.1
3140159,6.3,6.1
3140209,6.4,6.2
3140308,6.4,6.7
3140407,7.4,6.8
3140506,6.7,6.6
3140530,6.2,5.8
3140555,5.7,5.7
3140605,5.6,5.3
3140704,6.2,6.2
3140803,5.3,5.2
3140852,5.2,5.1
3140902,5.3,5.7
3141009,6.5,6.1
3141108,6.7,6.3
3141207,6.2,6.7
3141306,6.7,6.8
3141405,5.5,5.7
3141504,5.7,6.4
3141603,6.3,6.3
3141702,5.9,5.7
3141801,6.5,6.6
3141900,5.5,6.8
3142007,5.4,6
3142106,6.7,7.1
3142205,6.6,6.6
3142254,5.1,5.6
3142304,6.7,6.9
3142403,6.8,6.9
3142502,6.3,6.2
3142601,7.2,7.1
3142700,6.2,6.2
3142809,5.8,5.8
3142908,6.1,6
3143005,6.3,6.7
3143104,6.9,6.8
3143153,5.9,5.6
3143203,6.4,6.4
3143302,6.4,6.4
3143401,6.4,6.3
3143450,5.8,6.1
3143500,7.2,6.7
3143609,6.4,6.3
3143708,6.4,5.5
3143807,6.2,5.6
3143906,6.6,6.7
3144003,6.5,6.7
3144102,6.6,6.3
3144201,5.9,4.5
3144300,5.7,5.8
3144359,5.5,5.9
3144375,6.1,5.8
3144409,7.1,6.6
3144508,5.9,5.8
3144607,6.6,6.1
3144656,5.7,5.7
3144672,5.7,5.8
3144706,6.5,6.4
3144805,6.1,6.9
3144904,5.8,6
3145000,7.4,7.3
3145059,5.4,5.8
3145109,6.7,6.7
3145208,6.6,6.3
3145307,5.8,5.6
3145356,6,5.4
3145372,5.6,-
3145406,6.3,5.2
3145455,6,5.4
3145505,6.1,6.3
3145604,6.6,6.5
3145703,6.7,7.2
3145802,6.4,6.2
3145851,5.8,5.9
3145877,5.9,6
3145901,6.6,6.5
3146008,6.9,6.7
3146107,6.2,5.9
3146206,5.6,6.2
3146255,5.5,5.6
3146305,5.6,5.7
3146404,6.9,7.1
3146503,7.6,7.5
3146552,6,6.5
3146602,6.2,6.1
3146701,5.8,5.6
3146750,5.1,5.7
3146909,6.2,6.6
3147006,6.1,6
3147105,6.8,6.9
3147204,6.6,6.4
3147303,6.9,7
3147402,6.5,6.4
3147501,6,5.7
3147600,6.6,6.8
3147709,7.2,7
3147808,5.6,6.5
3147907,6.9,6.8
3147956,5.7,5.9
3148004,7.2,6.9
3148103,6.7,6.8
3148202,5.5,5.9
3148301,6.2,6.7
3148400,5.1,5.1
3148509,5.5,5.6
3148608,6.2,6.2
3148707,5.5,5.5
3148756,5.3,5.6
3148806,6.2,7.2
3148905,7.1,6.9
3149002,6.6,6.6
3149101,6.1,6.1
3149150,5.4,5.5
3149200,5.8,5.8
3149309,6.5,6.5
3149408,6.4,6.3
3149507,5.8,6
3149606,7.1,6.3
3149705,6.9,6.7
3149804,7,6.8
3149903,7,6.7
3149952,5.3,5.4
3150000,5.7,6
3150109,6.1,5.7
3150158,6,6.1
3150208,5.3,4.7
3150307,6.4,6.5
3150406,-,-
3150505,7.1,7
3150539,6.2,6.4
3150570,5.6,5.7
3150604,7,6.4
3150703,5.5,5.3
3150802,6.9,6.5
3150901,5.9,6.3
3151008,6.7,6.7
3151107,5.5,5.6
3151206,6,6.1
3151305,6.9,6.5
3151404,6.5,6.5
3151503,6.7,6.5
3151602,5.8,5.6
3151701,7,6.6
3151800,6.3,6.2
3151909,6.5,7.3
3152006,6.8,6.5
3152105,5.9,6.1
3152131,5.9,5.6
3152170,5.5,5.4
3152204,6.4,6.5
3152303,6.5,6.3
3152402,5.1,5.1
3152501,6.6,6.4
3152600,6.2,6.6
3152709,6.5,6.8
3152808,5.9,5.7
3152907,6.5,6.7
3153004,5.7,5.5
3153103,6.9,7.7
3153202,6.3,5.8
3153301,5.7,6.5
3153400,7,7.3
3153509,5.9,6.1
3153608,6,6
3153707,6.2,6.6
3153806,5.7,7.1
3153905,6.1,6.2
3154002,6.5,6.7
3154101,5.8,6
3154150,6,6.1
3154200,6.3,6.9
3154309,6.1,5.9
3154408,6.7,6.5
3154457,6.5,5.3
3154507,6.2,6.4
3154606,5.8,5.7
3154705,6,6.4
3154804,5.7,6.1
3154903,5.7,5.6
3155009,6.5,6.8
3155108,6.3,6.3
3155207,7.1,6.6
3155306,6.7,6.8
3155405,6,5.7
3155504,7.3,7
3155603,6.3,6.4
3155702,6.9,6.7
3155801,6.5,6.4
3155900,5.4,5.8
3156007,5.7,5.9
3156106,6.9,6.6
3156205,6,7
3156304,5.7,6.4
3156403,5.6,6.1
3156452,6.3,6.3
3156502,5.7,5.1
3156601,5.8,4.6
3156700,6,6.2
3156809,6,6
3156908,6.4,6.7
3157005,6.3,6.4
3157104,5.1,5.6
3157203,6.8,6.8
3157252,6.3,6.9
3157278,5.6,5.2
3157302,6.3,6.6
3157336,5,6.1
3157377,5.1,5.8
3157401,5.8,5.6
3157500,5.9,5.9
3157609,5,5
3157658,5.8,6.2
3157708,6.9,7.3
3157807,6.1,6
3157906,5.8,6
3158003,6.4,6.8
3158102,5.6,5.7
3158201,6.2,6.5
3158300,7.3,7.3
3158409,6.5,6.5
3158508,6.4,6.1
3158607,5.1,5.2
3158706,5.7,4.9
3158805,6.2,6.5
3158904,6,5.9
3158953,6.3,6.2
3159001,6.2,6.3
3159100,6,6.5
3159209,6.9,6.5
3159308,5.9,5.6
3159357,6.3,6
3159407,-,-
3159506,6.8,6.6
3159605,6.8,6.9
3159704,6.8,6.8
3159803,6.6,6.3
3159902,6.1,6.2
3160009,7,6.2
3160108,7.1,6.4
3160207,5.6,5.2
3160306,5.2,5
3160405,7.3,6.9
3160454,6,5.5
3160504,7,6.6
3160603,6.4,6.1
3160702,6,6.2
3160801,6.4,5.5
3160900,7.5,6.8
3160959,7.1,7.3
3161007,7.3,6.9
3161056,5.6,-
3161106,5.6,5.8
3161205,6.5,6.8
3161304,6.1,5.1
3161403,6.5,6.1
3161502,6.9,6.5
3161601,6.5,6.6
3161650,5.8,5.9
3161700,7,6.4
3161809,7.1,6.7
3161908,7,7.1
3162005,6.9,6.3
3162104,6.4,6.4
3162203,7.2,6.7
3162252,6.6,6.5
3162302,6.7,6.7
3162401,5.8,6
3162450,5.1,5.6
3162500,6.6,6.6
3162559,5.9,6.2
3162575,7.3,6.9
3162609,6.5,6.5
3162658,5.7,5.6
3162708,6.9,6.9
3162807,5.9,6.2
3162906,6.2,6.2
3162922,6.2,5.6
3162948,8.1,8.1
3162955,5.7,6.1
3163003,6.1,-
3163102,6.4,5.3
3163201,6.7,7.2
3163300,5.6,6.4
3163409,5.9,6.3
3163508,6.4,6.2
3163607,5.8,6
3163706,6.9,6.9
3163805,6.3,5.8
3163904,8,7.8
3164001,5.3,6.3
3164100,5.8,6.4
3164209,5.7,5.4
3164308,6.9,6.8
3164407,6.6,5.8
3164431,6,6.1
3164472,6.3,6.6
3164506,5.9,5.9
3164605,-,6.3
3164704,6.9,6.9
3164803,6.4,5.9
3164902,6.5,6.6
3165008,6.8,7
3165107,5.9,6.2
3165206,-,6.4
3165305,6.5,6.2
3165404,5.8,6.7
3165503,6.2,6.4
3165537,7,6.6
3165552,6,5.9
3165560,6.4,6.7
3165578,6.7,6.4
3165602,5.4,6.3
3165701,6.7,7.5
3165800,6.5,7.1
3165909,7,6.2
3166006,7,6.5
3166105,5.2,4.4
3166204,6.7,6.7
3166303,6.1,6.5
3166402,6.9,6.1
3166501,5.2,5.1
3166600,-,-
3166709,5.5,5.5
3166808,6.5,6.5
3166907,6.3,6.4
3166956,6.1,6.1
3167004,6.3,5.9
3167103,5.8,6.1
3167202,6.4,6.4
3167301,6.5,6.4
3167400,6.8,6.8
3167509,3.7,4.4
3167608,5.7,5.9
3167707,5.8,-
3167806,7,6.9
3167905,5.7,5.7
3168002,6.8,6.8
3168051,6.7,6.1
3168101,6.2,6.3
3168200,-,6
3168309,5.7,5.6
3168408,6,6.5
3168507,6.1,6.2
3168606,5.7,5.8
3168705,6.7,6.6
3168804,5.7,5.6
3168903,6.9,6.5
3169000,6.6,6.4
3169059,6.8,6.7
3169109,6,6.1
3169208,6.3,5.8
3169307,6.8,6.6
3169356,6.6,6.7
3169406,6.6,6.6
3169505,5.6,5.5
3169604,6.3,6.3
3169703,7.1,7.1
3169802,6.2,5.7
3169901,6.7,6.8
3170008,5.4,5.5
3170057,6.2,6
3170107,6,6
3170206,6.1,6.3
3170305,5.5,5.1
3170404,6.3,6.1
3170438,5.9,5.9
3170479,6.2,6.1
3170503,5.9,5.7
3170529,5.4,5.3
3170578,6,6.2
3170602,7.2,-
3170651,6.9,6.8
3170701,6.6,6.4
3170750,6.7,6.5
3170800,6.2,6.1
3170909,6.4,5.8
3171006,6.6,6.5
3171030,5.2,5.1
3171071,7.4,7
3171105,4.6,5.1
3171154,6.2,6.9
3171204,6,6
3171303,6.3,6.2
3171402,6,6.1
3171501,4.9,5.9
3171600,5.9,5.9
3171709,6.5,6.9
3171808,6.2,5.6
3171907,6.4,5.7
3172004,6.5,6.9
3172103,5.4,5.7
3172202,6.8,6.9
3200102,6.4,6.5
3200136,6.8,6.7
3200169,6.1,6.3
3200201,5.8,5.8
3200300,6.3,6.8
3200359,6.3,6.2
3200409,6,6.3
3200508,4.9,4.9
3200607,6.4,6.9
3200706,5.6,5.2
3200805,5.8,5.9
3200904,5.9,6.7
3201001,5.9,6.1
3201100,5.5,5.4
3201159,6.2,6.4
3201209,5.7,5.9
3201308,5.4,5.6
3201407,6.4,6.3
3201506,6,6.1
3201605,6,6.2
3201704,5.8,6.5
3201803,4.9,5.2
3201902,6.4,6.7
3202009,5.4,6.2
3202108,5.8,6.5
3202207,5.4,5.8
3202256,6.2,6.7
3202306,5.2,6.1
3202405,5.8,6
3202454,5.5,5.5
3202504,6,6.4
3202553,5,5.8
3202603,6.6,6.5
3202652,5.8,5.5
3202702,6.4,6.8
3202801,5.6,5.6
3202900,6.5,6.7
3203007,5.4,5.8
3203056,5.7,5.8
3203106,5.8,6.8
3203130,6.2,6.9
3203163,5.9,6.8
3203205,5.6,5.7
3203304,6.7,7.6
3203320,5.7,5.8
3203346,6.7,6.3
3203353,6.5,6.9
3203403,5.8,6.2
3203502,5.5,5.6
3203601,6.2,6.3
3203700,5.8,6.3
3203809,5.6,5.7
3203908,6.2,6.3
3204005,5.7,5.8
3204054,5.7,5.7
3204104,5.9,6.1
3204203,5.4,5.6
3204252,5.8,5.7
3204302,5.9,4.8
3204351,5.9,5.8
3204401,6.1,6
3204500,5.8,6.3
3204559,6.3,6.6
3204609,6.1,6.4
3204658,5.8,5.1
3204708,6.3,6.9
3204807,5.4,5.9
3204906,5.5,5.6
3204955,6.5,6.6
3205002,5.6,5.7
3205010,5.8,6
3205036,6,6.1
3205069,6.3,7
3205101,5.3,6
3205150,6.8,6.6
3205176,6.6,6.2
3205200,5.6,5.8
3205309,5.6,5.6
3300100,5.1,5.1
3300159,5.9,5.5
3300209,5.1,5.4
3300225,5.6,6
3300233,5.9,5.8
3300258,5,5.6
3300308,5.2,5.4
3300407,5.5,5.2
3300456,4.3,4.7
3300506,5.4,5.2
3300605,5.9,6.1
3300704,5,5
3300803,4.7,-
3300902,5.9,5.7
3300936,5,5.1
3300951,6.2,6.2
3301009,4.6,-
3301108,5.6,5.3
3301157,4.6,4.5
3301207,5.3,5.7
3301306,5.7,5.9
3301405,-,5.7
3301504,5.5,5.3
3301603,5,4.8
3301702,4.6,4.7
3301801,5.4,5.6
3301850,5,4.9
3301876,6.1,6.2
3301900,4.9,5.1
3302007,4.6,4.9
3302056,5.6,5.7
3302106,5.8,6.3
3302205,6.4,6.3
3302254,5.7,5.4
3302270,4.5,4.5
3302304,5,5.3
3302403,5.9,6.3
3302452,5.7,6
3302502,4.3,5.4
3302601,5.3,5.5
3302700,5.5,5.4
3302809,6.1,5.4
3302858,4.7,4.8
3302908,6.6,6.4
3303005,5.9,6.9
3303104,5.1,5.6
3303203,4.8,5
3303302,5.4,5.5
3303401,5.9,5.9
3303500,4.7,4.6
3303609,5.7,5.4
3303708,5.5,5.8
3303807,5.7,5.2
3303856,6.3,6.3
3303906,5.6,5.4
3303955,5.6,5.2
3304003,5.5,5.9
3304102,5.2,4.8
3304110,5.5,5.8
3304128,5.5,5.7
3304144,5,5.3
3304151,5.7,6.1
3304201,5.8,5.8
3304300,5.3,5.5
3304409,5.8,5.3
3304508,5.1,5.4
3304524,6.2,6.6
3304557,5.7,5.8
3304607,4.7,5.4
3304706,6.1,6.1
3304755,4.6,5.3
3304805,5.2,4.9
3304904,4.5,4.6
3305000,5.3,5.5
3305109,4.6,4.9
3305133,6.5,6.4
3305158,-,5.6
3305208,5.3,5.3
3305307,5.6,5.3
3305406,5.4,5.1
3305505,5.4,6
3305554,4.4,4.9
3305604,4.8,5.2
3305703,5.2,4.9
3305752,4.9,4.9
3305802,-,6
3305901,5.9,5.8
3306008,5.2,6
3306107,5.2,5
3306156,4.9,5.3
3306206,4.8,5.2
3306305,6,6.2
3500105,6.9,6.8
3500204,6.5,6.4
3500303,6.3,6.2
3500402,6.5,6.6
3500501,7,6.5
3500550,6.9,6.9
3500600,7.4,7.4
3500709,6.5,6.5
3500758,6.8,6.5
3500808,6.1,6.9
3500907,6.5,6.3
3501004,6.2,6.6
3501103,7.6,8.1
3501152,6.6,6.7
3501202,6.2,6.6
3501301,6.3,5.9
3501400,6,6.3
3501509,7,6.6
3501608,6.8,6.9
3501707,6.9,6.9
3501806,6.2,6.3
3501905,6.9,6.8
3502002,7.1,6.2
3502101,7.1,7
3502200,7.1,6.9
3502309,5.6,6.1
3502408,6.5,7.2
3502507,6.7,6.7
3502606,6.7,6.7
3502705,6.4,6.5
3502754,6.3,6.3
3502804,6.7,6.9
3502903,6.3,6.5
3503000,6.2,6.1
3503109,5.8,5.7
3503158,4.8,5.3
3503208,6.5,6.7
3503307,6.8,7
3503356,6.8,6.5
3503406,6.7,6.8
3503505,6,6.2
3503604,6.3,6.4
3503703,7.4,7.4
3503802,6.5,6.6
3503901,6.8,6.9
3503950,7.4,7.1
3504008,6.7,6.5
3504107,7.3,7.4
3504206,6.7,7.2
3504305,6.5,5.6
3504404,6.5,6.7
3504503,6.3,6.2
3504602,7.1,6.9
3504701,5.1,6.4
3504800,6.6,7.1
3504909,5.4,5.5
3505005,7.3,6.6
3505104,6.4,7
3505203,6.6,6.8
3505302,6.7,6.5
3505351,6.2,5.6
3505401,5.9,5.5
3505500,6.7,6.7
3505609,5.8,6.3
3505708,6.5,6.7
3505807,6.7,6.8
3505906,6.7,6.6
3506003,6.3,6.4
3506102,6.6,6.4
3506201,6.7,7.3
3506300,6.5,6.6
3506359,6.1,6.5
3506409,6.6,7.2
3506508,7.3,7.4
3506607,6.1,5.9
3506706,5.7,5.4
3506805,6.7,6.9
3506904,5.8,5.7
3507001,7.1,6.8
3507100,6.9,6.7
3507159,5.7,6.1
3507209,5,-
3507308,6.9,7
3507407,6.4,6.5
3507456,5.7,5.5
3507506,6.6,6.6
3507605,6.4,6.3
3507704,6.5,6.7
3507753,7.3,7.3
3507803,6.6,6.1
3507902,6.3,6.3
3508009,6.2,6.4
3508108,6.7,6.7
3508207,6.1,-
3508306,6.9,6.7
3508405,6.5,6.3
3508504,6.2,6.1
3508603,5.9,6.1
3508702,6.5,6.6
3508801,6.1,6.3
3508900,6.5,6.5
3509007,6.5,6.3
3509106,6.8,6.5
3509205,6,5.9
3509254,6.3,6.9
3509304,7,7.1
3509403,6.4,6.3
3509452,6,6.1
3509502,6.4,6.5
3509601,6.2,6.3
3509700,6.9,6.8
3509809,6.8,7
3509908,6.4,6.1
3509957,5.9,5.8
3510005,6.5,7
3510104,7.1,6.9
3510153,6.2,7.3
3510203,6.7,6.7
3510302,6.4,6.4
3510401,6.5,6.4
3510500,6.4,6.7
3510609,6.2,6.3
3510708,6.8,6.7
3510807,6.2,6.1
3510906,5.5,5.1
3511003,6.9,6.5
3511102,7,6.7
3511201,6.4,7.3
3511300,6.8,6.9
3511409,6.4,6.4
3511508,7.6,7.4
3511607,6.3,6.4
3511706,6.7,6.6
3511904,6.8,6.3
3512001,6.3,6.6
3512100,6.8,6.8
3512209,6.5,6.6
3512308,6,6.9
3512407,6.7,7
3512506,7.3,7.3
3512605,6.3,6.4
3512704,6.6,6
3512803,6.8,6.6
3512902,7.4,6.9
3513009,5.8,6
3513108,5.6,5.8
3513207,6.2,6.3
3513306,6.3,5.8
3513405,6.2,6
3513504,6.2,6.1
3513603,6.2,6.3
3513702,6.7,6.4
3513801,6.6,6.5
3513850,6.5,6.8
3513900,6.7,6.4
3514007,6.1,5.9
3514106,6.3,6.7
3514205,6.7,6.4
3514304,5.9,6.3
3514403,7,6.6
3514502,6.7,6.9
3514601,7.1,6.8
3514700,6.9,7.6
3514809,5.9,6
3514908,6.9,6.7
3514924,7.1,8.3
3514957,7.7,7.9
3515004,6.2,6.1
3515103,6.5,6.4
3515129,6.4,7.4
3515152,5.9,6.3
3515186,6.5,6.6
3515194,6.4,6.5
3515202,7,6.9
3515301,6.7,6.2
3515350,6.3,6.7
3515400,7.5,7.4
3515509,6.5,6.5
3515608,6.3,6.8
3515657,6.7,6.5
3515707,6.1,6.1
3515806,5.7,6.7
3515905,7.7,8.2
3516002,6.2,6.8
3516101,7.6,6.5
3516200,7.2,7.1
3516309,5.8,6.1
3516408,5.9,5.8
3516507,7.6,7.6
3516606,6.2,6.4
3516705,6.1,6.2
3516804,6.8,5.9
3516853,6.2,6.4
3516903,6.5,6.1
3517000,6.1,6.2
3517109,7.1,7.2
3517208,6.3,6.3
3517307,6.1,6.6
3517406,6.5,6.9
3517505,6.4,6
3517604,6.1,6.1
3517703,6.5,6.5
3517802,6.7,7.1
3517901,6.3,6.4
3518008,7.1,7.4
3518107,5.7,5.5
3518206,7,6.7
3518305,6.6,7.2
3518404,6.3,6.6
3518503,6.6,6.3
3518602,6.3,6.7
3518701,6,6.1
3518800,6.3,6.4
3518859,5.6,5.7
3518909,7.5,7.2
3519006,6.3,6.3
3519055,7.3,7.2
3519071,6.9,7
3519105,7,6.9
3519204,6.6,6.9
3519253,6.1,6.4
3519303,6.8,7
3519402,7.5,7.3
3519501,6.6,6.4
3519600,7,6.8
3519709,5.9,6
3519808,5.9,6.2
3519907,6.2,6
3520004,6,6.1
3520103,5.8,6.1
3520202,6.4,6
3520301,6.2,6
3520400,6.5,6.3
3520426,6.8,6.8
3520442,6.6,6.9
3520509,7.4,7.4
3520608,6.7,6.6
3520707,7.2,7
3520806,6.9,6.9
3520905,6.7,6.3
3521002,5.9,5.8
3521101,5.9,6.7
3521150,6.6,6.7
3521200,6.3,5.7
3521309,6.3,6.1
3521408,6.9,7.2
3521507,6.2,6.8
3521606,7.7,7.2
3521705,6.8,6.5
3521804,6.3,5.9
3521903,7.5,7.3
3522000,6.7,7.2
3522109,6.5,6.3
3522158,6.1,6
3522208,6.3,6.1
3522307,6.5,6.5
3522406,6.7,7
3522505,5.9,6
3522604,6.7,6.6
3522653,5.5,6.8
3522703,6.8,7
3522802,6.1,6.4
3522901,6.5,6.9
3523008,6.5,6.5
3523107,5.7,5.6
3523206,6.5,6.6
3523305,6.8,6.5
3523404,7,7.5
3523503,6.6,6.7
3523602,6.8,7.2
3523701,6.6,6.6
3523800,6.5,6.7
3523909,6.3,6.1
3524006,6.7,6.7
3524105,5.2,4.9
3524204,6.6,6.4
3524303,6.3,6.5
3524402,6.4,6.6
3524501,6.3,6
3524600,6.7,6.5
3524709,7.4,7.4
3524808,7.8,7.6
3524907,6.1,6.2
3525003,6,6.2
3525102,6,5.6
3525201,5.9,6.2
3525300,6.4,6.6
3525409,6.6,6.7
3525508,7.1,7.2
3525607,6.8,7.4
3525706,6.2,6.3
3525805,5.7,5.8
3525854,6.9,6.7
3525904,7.1,7
3526001,7.7,7.9
3526100,6.3,6.6
3526209,6.9,6.6
3526308,6.5,6.5
3526407,6,6.5
3526506,7,6.5
3526605,5.8,5.9
3526704,7,6.9
3526803,6.6,6.7
3526902,6.9,7.3
3527009,6,6.5
3527108,6.4,6.8
3527207,5.7,5.9
3527256,7.3,6.8
3527306,7,7.4
3527405,7.3,7.3
3527504,6.9,6.9
3527603,5.7,6.2
3527702,7.7,7.9
3527801,6.5,6.2
3527900,6.5,6.3
3528007,7.4,7
3528106,6.3,6.1
3528205,6.8,6.8
3528304,7.1,7.1
3528403,5.8,6
3528502,6.2,6.7
3528601,6,6
3528700,6.5,6.4
3528809,6.4,6.3
3528858,7.7,7.8
3528908,6.7,-
3529005,7.2,7.2
3529104,7.3,8
3529203,7,7.2
3529302,6.7,6.8
3529401,6.6,6.7
3529500,7.4,7.2
3529609,6.8,7.1
3529658,6.7,6.5
3529708,5.4,5.7
3529807,6.6,6.5
3529906,6,6.2
3530003,7.4,6.6
3530102,6.7,6.3
3530201,6.5,6.8
3530300,6.5,7
3530409,7.1,7.1
3530508,6.2,6.2
3530607,6.8,6.8
3530706,6.8,7
3530805,6.6,6.6
3530904,6.6,6.9
3531001,6.4,7.2
3531100,6.1,6
3531209,6.3,6.3
3531308,6.6,6.4
3531407,6.6,6.9
3531506,6.8,7
3531605,7.3,7
3531704,6.8,5.9
3531803,6.4,6.6
3531902,6,6.2
3532009,6.2,6.4
3532058,6.8,6.4
3532108,7.6,7
3532157,6.2,6.2
3532207,6.8,6.4
3532306,6.5,6.4
3532405,6.6,6.7
3532504,7.1,6.9
3532603,7,7
3532702,6.7,7.2
3532801,5.4,6.7
3532827,6.1,6
3532843,7.2,6.9
3532868,7.1,6.8
3532900,6.4,6.8
3533007,6.7,6.9
3533106,6.5,6.6
3533205,6.2,6.3
3533254,6.5,7.3
3533304,6.3,7.1
3533403,6.9,7.3
3533502,7.7,7.5
3533601,6.9,7.1
3533700,7.2,7.1
3533809,6.5,5.4
3533908,6.8,6.9
3534005,6.5,6.4
3534104,6.1,6.6
3534203,7.2,7.2
3534302,6.3,6.3
3534401,6.1,6.3
3534500,7.1,7.1
3534609,6.3,6.9
3534708,6.8,7
3534757,6.7,6.5
3534807,6.8,6.8
3534906,6.6,6.9
3535002,6.3,6.2
3535101,7.2,6.5
3535200,7.3,6.7
3535309,6.6,6.3
3535408,6.4,6
3535507,6.6,6.9
3535606,6.3,6.4
3535705,6.6,6.7
3535804,6.1,6.6
3535903,5.8,6.5
3536000,6.8,6.8
3536109,6.4,5.7
3536208,6.3,6.3
3536257,6.3,6.1
3536307,6.5,6.4
3536406,6.1,7
3536505,6.6,6.6
3536570,6.3,7.2
3536604,6.4,6.7
3536703,6.3,6.2
3536802,6.4,6.7
3536901,6.5,7.1
3537008,6.2,6.2
3537107,7.2,7.2
3537156,7.3,6.6
3537206,5.8,6.1
3537305,6.8,7.1
3537404,7.5,7.7
3537503,6.2,6.8
3537602,6,6
3537701,7.3,7.3
3537800,7,7.3
3537909,6.8,7
3538006,6.9,6.8
3538105,6.3,6.7
3538204,6.4,6.5
3538303,6.5,7.1
3538501,6.6,6.6
3538600,6.4,6.7
3538709,6.8,6.9
3538808,6.8,6.9
3538907,5.5,5.7
3539004,6.5,6.9
3539103,5.4,5.1
3539202,6.4,6.5
3539301,6.4,6.5
3539400,7.4,6.9
3539509,6.7,6.8
3539608,6.3,6.3
3539707,6.3,6.3
3539806,6.7,6.6
3539905,6.4,6.6
3540002,7.4,7.5
3540101,6.4,6.7
3540200,6.5,7.3
3540259,5.8,6.7
3540309,6.7,6.4
3540408,6.3,-
3540507,6.1,6.1
3540606,6.5,6.3
3540705,6.5,6.2
3540754,5.9,6.2
3540804,6.6,7
3540853,6.6,5.6
3540903,6.2,6
3541000,6.4,6.6
3541059,6.2,5.9
3541109,6,6
3541208,6.2,6.1
3541307,6.6,6.6
3541406,6.5,6.7
3541505,7.3,7.2
3541604,6.4,6.5
3541653,5.9,6.4
3541703,6.7,7.2
3541802,6.6,6
3541901,5.3,6
3542008,7.8,7.3
3542107,6.4,6.5
3542206,7,7
3542305,6.5,6.9
3542404,6.8,6.9
3542503,6.9,6.6
3542602,6.8,7
3542701,6.2,6.5
3542800,6.1,6
3542909,6.1,6
3543006,6.9,6.9
3543105,6.5,6.6
3543204,6.9,6.7
3543238,6.1,6.9
3543253,6.6,6.4
3543303,7,7
3543402,6.1,6.2
3543501,6.3,6.3
3543600,6.4,6.4
3543709,5.9,5.6
3543808,6.4,6.7
3543907,6.8,6.7
3544004,6.2,6.5
3544103,6.7,6.6
3544202,6.7,6.7
3544251,6.8,6.9
3544301,6.7,6.4
3544400,6.9,6.3
3544509,7.1,6.8
3544608,5.8,6.3
3544707,7.1,-
3544806,6.6,-
3544905,6.4,6.3
3545001,6.5,6.4
3545100,6.3,6.3
3545159,6.9,7.1
3545209,6.8,6.9
3545308,6.8,6.6
3545407,7.3,6.7
3545506,5.7,6.2
3545605,6.8,7.2
3545704,6.5,6.5
3545803,7,7
3546009,6.7,6.3
3546108,6.4,6.8
3546207,6.8,7.1
3546256,5.9,6.4
3546306,6.5,6.7
3546405,6.8,7.1
3546504,6.7,6.5
3546603,7,6.6
3546702,6.7,6.7
3546801,6.6,6.7
3546900,6.4,6.7
3547007,5.4,6.4
3547106,6.7,6.9
3547205,8.2,8.3
3547304,6.6,6.4
3547403,6.1,7.2
3547502,6.6,6.5
3547601,6,6.1
3547650,7.8,7.8
3547700,6.2,6.6
3547809,6.5,6.5
3547908,7.2,6.9
3548005,5.7,5.9
3548054,6.7,6.4
3548104,7.1,7.4
3548203,6.6,6.5
3548302,5.3,-
3548401,7.1,7.8
3548500,6,5.8
3548609,6.5,6.5
3548708,6.9,6.9
3548807,7.5,7.3
3548906,7.1,7.1
3549003,7.3,7
3549102,6.8,6.9
3549201,6.3,6.2
3549250,7,6.4
3549300,7.2,6.3
3549409,6.7,6.7
3549508,5.6,5.8
3549607,4.9,6
3549706,6.7,6.4
3549805,6.9,6.7
3549904,6.9,7
3549953,6.6,6.4
3550001,6,7.1
3550100,6.4,6.5
3550209,6.6,7
3550308,6.3,6.3
3550407,6.2,6.5
3550506,7.5,7.7
3550605,5.9,6.1
3550704,6.1,6.3
3550803,7.2,6.9
3550902,5.8,6
3551009,5.8,5.8
3551108,5.9,6.2
3551207,5.9,6.4
3551306,7.1,8.3
3551405,5.7,5.5
3551504,6.2,6.1
3551603,6.8,7
3551702,7.2,6.9
3551801,6.1,6
3551900,6.4,6.5
3552007,5.5,5.9
3552106,7.5,7.4
3552205,6.7,6.7
3552304,7,6.9
3552403,6.2,6.3
3552502,6.3,6.4
3552551,7.1,6.6
3552601,7.9,7.5
3552700,6.6,6.5
3552809,6.8,6.7
3552908,6.9,6.6
3553005,7.7,7.7
3553104,6,6.7
3553203,6.2,6.4
3553302,5.7,5.7
3553401,7.7,7.6
3553500,7,6.5
3553609,6.1,-
3553658,6,6.4
3553708,6.2,6.3
3553807,7,7
3553856,6.7,6.7
3553906,6.6,6.6
3553955,6.8,7.2
3554003,6.4,6.4
3554102,6.4,6.6
3554201,6.3,5.7
3554300,6.5,6.8
3554409,6.7,6.6
3554508,5.8,7.2
3554607,6.1,6.5
3554656,6.8,5.8
3554706,6.2,6.8
3554755,6.6,6.4
3554805,6.3,6.4
3554904,7.1,6.1
3554953,6.6,6.8
3555000,6.7,6.8
3555109,7.7,7.9
3555208,7,6.6
3555307,6.4,7.1
3555356,6.3,5.9
3555406,5.8,6.2
3555505,5.5,6.8
3555604,6.7,6.5
3555703,6.1,-
3555802,7,7.5
3555901,6.8,6.6
3556008,6.8,6.9
3556107,6.8,7
3556206,6.5,6.5
3556305,7.2,7
3556354,5.6,5.7
3556404,7.1,6.8
3556453,6.2,6.6
3556503,6.5,6.8
3556602,6.2,6.1
3556701,7.2,6.9
3556800,5.8,5.6
3556909,6.6,6.6
3556958,6.8,6.4
3557006,6.6,6.7
3557105,6.8,6.9
3557154,6.4,5.9
3557204,6.5,6.8
3557303,6.6,5.6
4100103,5.9,6.1
4100202,5.7,6.7
4100301,5.2,5.8
4100400,5.1,5.2
4100459,4.9,5.9
4100509,6.9,6.8
4100608,5.6,6
4100707,5.5,5.7
4100806,5.3,5.5
4100905,5.2,6.1
4101002,6.7,6.7
4101051,6.2,6.2
4101101,6.4,6.5
4101150,6.3,6.5
4101200,5,5.1
4101309,6.4,7
4101408,7.5,7.6
4101507,6.7,6.8
4101606,6.6,6.5
4101655,5.6,6.5
4101705,6.6,6.6
4101804,5.6,6.1
4101853,5.7,6.5
4101903,6.3,6.1
4102000,7,6.9
4102109,7,7.1
4102208,7.5,8.3
4102307,6,5.8
4102406,6,5.9
4102505,5.3,5.5
4102604,5.3,6.3
4102703,5.9,6.3
4102752,5.6,5.9
4102802,5.9,6.1
4102901,6.1,6.2
4103008,7,8.3
4103024,6.7,6.1
4103040,5.5,5.9
4103057,5.3,5.3
4103107,5.5,6
4103156,7.2,6.5
4103206,6.3,6
4103222,7.7,8
4103305,6.4,6.9
4103354,6.5,6.4
4103370,5,5.4
4103404,6,6
4103453,7,6.8
4103479,5.9,5.7
4103503,6.1,6.9
4103602,5.5,5.8
4103701,6.7,6.7
4103800,6.7,6.3
4103909,5.8,5.3
4103958,5.4,5
4104006,5.7,6.1
4104055,5.8,6.4
4104105,5.6,6
4104204,6.2,6.4
4104253,6.1,6.2
4104303,6.3,6.2
4104402,6.6,6.5
4104428,5.5,5.5
4104451,5.4,5.9
4104501,6.6,6.7
4104600,6.7,6.5
4104659,6.1,6.2
4104709,6.4,6.7
4104808,6.5,6.5
4104907,6.8,7.2
4105003,5.9,6.1
4105102,6.1,6.5
4105201,4.9,5.4
4105300,6.9,7.2
4105409,6.1,6.4
4105508,6.6,6.7
4105607,6.1,6.2
4105706,5.6,5.6
4105805,6,6.2
4105904,6.3,6.4
4106001,5.3,5.5
4106100,6.1,5.3
4106209,5.7,5.9
4106308,6.1,6.3
4106407,5.8,5.9
4106456,5.2,5.4
4106506,6.1,6.6
4106555,5.9,5.9
4106571,6.3,6.6
4106605,6.8,7.3
4106704,5.7,5.9
4106803,6.3,6.3
4106852,6.9,7.5
4106902,6.4,6.5
4107009,5.7,5.9
4107108,5.7,6.9
4107124,5.7,6.3
4107157,6,6
4107207,6.8,6.9
4107256,6.6,6.8
4107306,7.4,6.2
4107405,7,7.5
4107504,6.7,6.3
4107520,6.5,6.1
4107538,5.8,6.6
4107546,5.1,5.5
4107553,6.2,6.9
4107603,5.7,6.2
4107652,5.9,6.5
4107702,5.5,5.5
4107736,6,6
4107751,5.9,6
4107801,7.7,8
4107850,6.2,7.1
4107900,6.1,6.8
4108007,5.7,6.3
4108106,6.5,6.8
4108205,6.2,6.2
4108304,7.2,7.1
4108320,5.3,5.8
4108403,6.4,6.7
4108452,4.8,5.3
4108502,5.4,5.1
4108551,5.3,6
4108601,6,6.1
4108650,4.6,5.8
4108700,5.3,6.3
4108809,5.5,5.5
4108908,5.7,6.1
4108957,6.5,6.7
4109005,7.1,7.4
4109104,6.8,6.7
4109203,6.9,7.2
4109302,6,6.4
4109401,6.4,6.3
4109500,4.8,5.1
4109609,6.2,6
4109658,5.3,6
4109708,5.8,6.2
4109757,5.9,6.3
4109807,5.8,5.9
4109906,5.6,6.4
4110003,5.9,6.7
4110052,6.2,6.1
4110078,5.4,5
4110102,5.7,6.2
4110201,5.4,5.8
4110300,6.7,6.4
4110409,6.7,-
4110508,6.4,6.3
4110607,5.5,5.9
4110656,5.8,6.6
4110706,6.7,6.9
4110805,6,6.2
4110904,5.9,4.8
4110953,6.5,7
4111001,5.5,5.6
4111100,6.2,7.3
4111209,7.2,7.3
4111258,5.2,5.2
4111308,6.4,6.3
4111407,6.3,6.7
4111506,6.3,6.4
4111555,5.9,6.6
4111605,6.6,7.3
4111704,5.7,6.2
4111803,5.1,5
4111902,5.5,5.8
4112009,6.6,6.3
4112108,6.7,6.9
4112207,6.5,8.8
4112306,5.7,6.1
4112405,7.3,7.3
4112504,6.6,6.9
4112603,6,6
4112702,5.3,5.3
4112751,5.9,6.4
4112801,7.7,7.7
4112900,6.4,6.3
4112959,5.9,5.4
4113007,6.7,6.2
4113106,7.1,6.9
4113205,6.3,6.6
4113254,5.1,5
4113304,6.2,6.7
4113403,6,7
4113429,6,6.7
4113452,5.5,5.6
4113502,7,7
4113601,6.4,6.6
4113700,6.8,6.8
4113734,5,5.4
4113759,5.7,6.2
4113809,4.3,-
4113908,6.7,7.2
4114005,6,6.3
4114104,6.4,6.8
4114203,7.2,7.6
4114302,5.9,6
4114351,6.3,6.5
4114401,5.5,6.2
4114500,5.5,5.9
4114609,6.4,6.2
4114708,5.6,6.6
4114807,6.6,6.8
4114906,6.2,6.3
4115002,7.3,7.5
4115101,5.7,5.4
4115200,7,7.2
4115309,5.8,6.5
4115358,7,6.5
4115408,7,6.8
4115457,5.8,6.5
4115507,6.8,6.3
4115606,6.2,6.3
4115705,6.6,6.4
4115739,5.1,5.9
4115754,5.4,5.8
4115804,7.4,7.3
4115853,6.6,6.4
4115903,4.9,5.2
4116000,6.2,6.2
4116059,6.8,6.4
4116109,5.9,6.6
4116208,5.6,5.1
4116307,6.7,6.4
4116406,5.7,5.4
4116505,5.2,5.8
4116604,6.7,6.3
4116703,6.9,7.2
4116802,5.4,6.9
4116901,6.3,6.5
4116950,6.4,6.5
4117008,5.9,6.5
4117057,5.5,5.7
4117107,7.8,7.8
4117206,6.7,6.7
4117214,5.6,5.5
4117222,6.1,6.7
4117255,5.8,6.3
4117271,5.9,5.2
4117297,5.9,7.4
4117305,5.4,6
4117404,6.8,6.2
4117453,6.5,6.3
4117503,6.2,6.5
4117602,5,5.2
4117701,6.1,6.2
4117800,5.9,6.6
4117909,6.6,6.5
4118006,6.6,6.6
4118105,5.8,6
4118204,5.3,6
4118303,6.2,6.2
4118402,7.4,7.7
4118451,6.3,6.4
4118501,7.5,7.3
4118600,6,6.3
4118709,6.4,6.5
4118808,7.2,7.1
4118857,6.2,6.9
4118907,6.6,7
4119004,6.4,6.3
4119103,7,7
4119152,6.7,6.7
4119202,5.3,5.7
4119251,6.8,7.1
4119301,5.1,5.4
4119400,5.4,5.2
4119509,5.3,5.6
4119608,5.9,6
4119657,7.8,7.9
4119707,6.2,6.3
4119806,6.4,7
4119905,6.3,6.5
4119954,6,6.1
4120002,6.6,7.1
4120101,5.5,5.7
4120150,6.5,7
4120200,-,6.3
4120309,6.6,6.5
4120333,5.6,6.7
4120358,6.1,5.8
4120408,5.8,7.3
4120507,6.2,6.2
4120606,6.3,6.9
4120655,6.1,6.9
4120705,7.5,7.3
4120804,5.7,5.5
4120853,6.9,7.1
4120903,5.9,6.3
4121000,5.7,6
4121109,5.4,6.1
4121208,4.9,7.2
4121257,5.6,6.2
4121307,5.8,6.1
4121356,5.9,6.4
4121406,7.5,7.4
4121505,6.4,6.7
4121604,6.9,6.8
4121703,5.9,6.2
4121752,4.8,5.4
4121802,7,7.1
4121901,6.7,6.6
4122008,5.8,6.2
4122107,6.1,6.9
4122156,6.1,6.9
4122172,7.3,6.8
4122206,5.4,5.7
4122305,7.4,7.4
4122404,6.9,6.9
4122503,6.9,6.3
4122602,6.6,6.1
4122651,6.4,6.1
4122701,6.2,7
4122800,6.6,7.1
4122909,5.8,6.8
4123006,6.8,6.5
4123105,5.5,6.1
4123204,5.6,5.7
4123303,-,6.4
4123402,6.1,6.1
4123501,6.7,6.9
4123600,5.6,6.1
4123709,6.6,7.2
4123808,7.4,7.2
4123824,5.4,6.1
4123857,4.7,5.1
4123907,5.7,5.9
4123956,5.3,6.1
4124004,6,6.6
4124020,5.9,5.9
4124053,6.8,6.8
4124103,6.4,6.6
4124202,5.3,5.9
4124301,5.6,5.3
4124400,6,6.3
4124509,6,6
4124608,5.8,5.6
4124707,5,5.5
4124806,7.3,7.3
4124905,6.1,6.7
4125001,5.6,6.1
4125100,5.6,6.2
4125209,6.7,7
4125308,6.5,7.5
4125357,6.2,7.1
4125407,6.4,7.3
4125456,5.7,5.5
4125506,6,6
4125555,6.3,7.2
4125605,6.5,6.2
4125704,6.3,6.1
4125753,6.2,6.1
4125803,6.3,6.9
4125902,5.5,6.4
4126009,6.2,6.8
4126108,6.9,7
4126207,6.2,5.9
4126256,5.7,5.8
4126272,5.9,6.7
4126306,6.7,6.9
4126355,8.7,8.5
4126405,8.2,8.1
4126504,6.3,6.2
4126603,6.7,7.2
4126652,5.7,7
4126678,5.1,5.6
4126702,6.4,6.7
4126801,6.5,6.6
4126900,6.2,6.8
4127007,5.8,6.3
4127106,6.3,6.4
4127205,7.2,7.2
4127304,6.1,6.5
4127403,5.4,6
4127502,5.6,5.8
4127601,5.6,6.5
4127700,6.5,6.7
4127809,5.6,6.5
4127858,6.2,6.4
4127882,4.8,5.2
4127908,5.7,5.7
4127957,7.5,6.8
4127965,6.5,6.3
4128005,7,7.4
4128104,6.6,6.6
4128203,6.3,6.4
4128302,5.9,6.4
4128401,5.7,5.6
4128500,6.4,6.9
4128534,5.1,5.5
4128559,5.6,5.8
4128609,6.2,6.9
4128625,6.6,6
4128633,5.7,5.3
4128658,6.2,7.1
4128708,7.5,6.9
4128807,6,7.2
4200051,6.8,6.5
4200101,6.4,6.1
4200200,6.2,6.3
4200309,6,5.5
4200408,6.5,6.6
4200507,6.1,5.8
4200556,7.2,6.2
4200606,6.7,6.6
4200705,6.9,6.3
4200754,6.7,7.2
4200804,7.4,6.9
4200903,7.7,6.7
4201000,6.1,-
4201109,5.5,5.8
4201208,6.6,7
4201257,6.4,6.4
4201273,7.2,7.9
4201307,6.1,6.1
4201406,5.9,5.9
4201505,6.3,6.1
4201604,7,7
4201653,6,5.9
4201703,6.4,5.8
4201802,6.6,7
4201901,5.8,5.9
4201950,5.8,5.5
4202008,6.4,6.1
4202057,5.6,6.1
4202073,5.5,5.5
4202081,-,-
4202099,-,6.3
4202107,6.2,6.1
4202131,-,-
4202156,5.7,5.8
4202206,6.3,5.8
4202305,5.5,5.3
4202404,6.5,6.2
4202438,5.3,5.1
4202453,6.5,6.6
4202503,4.8,5.4
4202537,6.3,6.2
4202578,6.4,6.7
4202602,5.1,5.3
4202701,6.4,6.5
4202800,6,5.7
4202859,6.6,6.2
4202875,5.9,6.1
4202909,6.4,6.4
4203006,5.9,6
4203105,6.8,7.3
4203154,4.8,5.1
4203204,5.6,5.5
4203253,5.9,-
4203303,6.7,6.6
4203402,5.3,5.6
4203501,6.4,6.4
4203600,5.9,6.1
4203709,6.3,6.8
4203808,6.7,6.8
4203907,6.3,6.5
4203956,5.9,5.6
4204004,5.9,5.9
4204103,5.5,6
4204152,6.5,6.2
4204178,4.8,5.5
4204194,5.9,7.2
4204202,6.5,6.4
4204251,6.6,6.5
4204301,6.7,6.6
4204350,6.8,6.2
4204400,6.6,6.3
4204459,6.7,5.6
4204509,6.3,6.1
4204558,5.1,5.7
4204608,6.2,6.2
4204707,6.3,6.2
4204756,6.6,7
4204806,5.5,5.7
4204905,6.6,6.1
4205001,5.9,6.5
4205100,6.6,6.8
4205159,6.5,6.3
4205175,5.6,5.2
4205191,-,-
4205209,6.5,7
4205308,6.1,6.1
4205357,6,5.8
4205407,5.8,5.7
4205431,6.5,6.6
4205456,6.8,6.9
4205506,6.9,7.3
4205555,5.5,5
4205605,6.3,6
4205704,7.1,7.3
4205803,6,6.2
4205902,6.3,6.1
4206009,6.3,6.1
4206108,6.2,6.2
4206207,6.4,5.9
4206306,6.1,6.4
4206405,7.1,7.3
4206504,6.6,6.3
4206603,6.4,6.1
4206652,6.4,6.2
4206702,6,6.3
4206751,6.6,7
4206801,6.8,6.4
4206900,5.9,6.5
4207007,6.4,6.5
4207106,6.2,6.1
4207205,6.1,5.2
4207304,6.2,5.8
4207403,6,6.8
4207502,6.6,6.5
4207577,7,6.6
4207601,6.9,7.2
4207650,7.3,7.4
4207684,6.4,6.3
4207700,6.9,6.2
4207759,6.7,6
4207809,6,6.1
4207858,6.7,6.1
4207908,7.6,7.4
4208005,6.8,7.1
4208104,6,6
4208203,6.3,6.5
4208302,6.3,6.4
4208401,7.3,6.8
4208450,6.2,6.3
4208500,6.4,6.2
4208609,6.7,6.4
4208708,6.3,6.2
4208807,6,6.1
4208906,6.9,7
4208955,6.8,-
4209003,6.3,6.3
4209102,7.1,7
4209151,6.2,5.4
4209177,6.1,6.2
4209201,6.6,6.9
4209300,5.4,5.4
4209409,5.6,5.8
4209458,6.7,7.1
4209508,6.4,6.2
4209607,6.1,6.1
4209706,5.3,5.3
4209805,5.9,6.7
4209854,6.8,7.3
4209904,5.6,5.9
4210001,6,6.3
4210035,7.7,7.7
4210050,5.3,-
4210100,6.6,6.5
4210209,6.8,6.3
4210308,6.3,6.4
4210407,5.6,5.6
4210506,6.5,6.3
4210555,7,6.7
4210605,6.8,6.5
4210704,6.1,6.4
4210803,7,6.7
4210852,-,-
4210902,6.9,6.4
4211009,6.5,6.9
4211058,5.7,6
4211108,5.8,6
4211207,6.4,6.1
4211256,5.4,5.7
4211306,6.1,6
4211405,6.9,7
4211454,6.1,5.9
4211504,6.7,6.5
4211603,6.7,6.6
4211652,6.4,5.5
4211702,6.2,6.4
4211751,6.3,6.4
4211801,7.1,7.1
4211850,5.9,6.3
4211876,6.6,7.4
4211892,4.7,-
4211900,5.7,5.5
4212007,6.4,6.5
4212056,6.5,7.6
4212106,6.1,6
4212205,7,6.9
4212239,-,-
4212254,5.3,-
4212270,6.3,6
4212304,5.7,5.9
4212403,6,6.2
4212502,6.1,6.1
4212601,7.4,7.4
4212700,6,6.1
4212809,6.2,6.3
4212908,6.3,6.7
4213005,6.3,5.8
4213104,7.1,7.4
4213153,6.8,7
4213203,7,6.9
4213302,5.4,5.6
4213351,6.2,6.4
4213401,5.7,5.3
4213500,6.1,6
4213609,5.8,5.8
4213708,5.7,6
4213807,6.4,6.1
4213906,7.2,7.2
4214003,6,5.7
4214102,6.7,6.7
4214151,6,7.4
4214201,6.7,6.7
4214300,6.4,6
4214409,5.9,5.9
4214508,6.6,6.4
4214607,6.8,6.5
4214706,-,-
4214805,5.9,5.9
4214904,6.5,6.5
4215000,6,6.5
4215059,6.4,6.1
4215075,7.3,7.3
4215109,7.1,6.4
4215208,5.8,6
4215307,6.1,6.6
4215356,7.3,7.3
4215406,7,6.9
4215455,5.8,5.4
4215505,5.7,5.4
4215554,6.7,6.5
4215604,6.8,7.4
4215653,5.6,5.7
4215679,6.9,6.4
4215687,5.7,6
4215695,7.6,6.3
4215703,6.1,6
4215752,5.9,6.3
4215802,6.9,6.7
4215901,6.8,7.1
4216008,6.3,7
4216057,5.5,5.5
4216107,6.3,6.3
4216206,5.8,5.8
4216255,7.5,7.6
4216305,6.3,6.6
4216354,6.1,5.7
4216404,6,6
4216503,5.2,5
4216602,6.2,6.4
4216701,6.7,6.8
4216800,5.5,6.2
4216909,6.6,7
4217006,6.4,6.4
4217105,5.8,6.5
4217154,6,6.1
4217204,6.6,6.5
4217253,6.8,6.4
4217303,6.9,6.9
4217402,6.5,6.7
4217501,6.9,7
4217550,7,6.5
4217600,5.4,5.5
4217709,6,5.8
4217758,7.1,7.4
4217808,5.9,6.4
4217907,6.6,6
4217956,6.7,6.8
4218004,5.9,5.9
4218103,5.8,5.6
4218202,6.8,6.9
4218251,6.2,5.6
4218301,5.4,5.2
4218350,6.4,6.4
4218400,6.3,5.8
4218509,7.3,6.7
4218608,6.6,6.3
4218707,6.1,5.9
4218756,6.9,7.1
4218806,6.1,6.2
4218855,6,6.3
4218905,5.7,5.6
4218954,5.5,5.6
4219002,6.6,6.8
4219101,6.5,7.1
4219150,6,6.2
4219176,6.2,6.3
4219200,6.6,7.1
4219309,6.5,6.3
4219358,6.4,6.3
4219408,6.7,6.3
4219507,6,6.5
4219606,6.9,6.8
4219705,6.4,6.3
4219853,5.8,6.3
4220000,5.4,5.7
4300034,5.5,5.7
4300059,5.7,6.4
4300109,6.1,5.8
4300208,6.2,6.1
4300307,5.6,6.4
4300406,5.5,5.5
4300455,5.8,5.6
4300471,-,6.7
4300505,6.6,7.3
4300554,-,5.9
4300570,6.2,6.8
4300604,4.9,5
4300638,4.9,5.6
4300646,5.6,6.2
4300661,6.4,6.8
4300703,6.5,6.6
4300802,5.6,6.2
4300851,5.1,5.8
4300877,6.2,5.7
4300901,6.5,7.8
4301008,6.5,6.5
4301057,6.1,5.9
4301073,4.7,5
4301107,5.3,5.3
4301206,6.2,6.3
4301305,5.2,5.2
4301404,6.8,6.6
4301503,6.9,7.1
4301552,6.6,6.4
4301602,5.4,5.8
4301636,5.1,4.9
4301651,6.6,6.5
4301701,6,6.3
4301750,5.4,-
4301800,5.9,5.9
4301859,5.2,5.4
4301875,4.9,5
4301909,4.4,5.1
4301925,7.7,-
4301958,7,6.7
4302006,5.4,5.3
4302055,-,-
4302105,6.3,6.4
4302154,5.9,6.1
4302204,6.6,6.2
4302220,5.4,5.6
4302238,5.5,5.7
4302253,6.6,6.7
4302303,5.8,6.1
4302352,6.4,6.4
4302378,6.1,5.6
4302402,6.4,6.7
4302451,6.3,5.8
4302501,4.5,5.5
4302584,7.5,7.5
4302600,6.2,5.7
4302659,5.8,6.2
4302709,5,5.4
4302808,5.5,5.5
4302907,5.1,5.3
4303004,5.5,5.7
4303103,5.6,5.6
4303202,6.6,6.6
4303301,5.4,5.4
4303400,7.1,6.5
4303509,5.7,6.3
4303558,5.8,6
4303608,5.1,5.7
4303673,6,6.2
4303707,6.6,6.7
4303806,6.9,7.3
4303905,6.7,7.1
4304002,6.7,5.6
4304101,6.3,5.6
4304200,5.8,6.3
4304309,6.6,7.1
4304358,5.1,5.1
4304408,5.7,5.9
4304507,5.8,6.3
4304606,5.1,5.3
4304614,7.2,5.7
4304622,7.2,6.2
4304630,5.2,5.4
4304655,5.3,6.3
4304663,4.8,4.7
4304671,6.1,6.3
4304689,5.1,5.3
4304697,6.2,6.9
4304705,6.3,6.3
4304713,5.6,-
4304804,6.9,6.9
4304903,6.6,6.8
4304952,6,6.3
4305009,6.1,6.5
4305108,6,6.2
4305116,7.1,8.2
4305124,4.3,4.5
4305132,5.5,6
4305157,5.7,5.9
4305173,5.4,5.2
4305207,6.2,6.7
4305306,6.3,6.5
4305355,5.3,5.9
4305405,6.3,6.3
4305439,5.1,5.1
4305447,5.6,-
4305454,5,4.7
4305504,6.7,6.1
4305587,6.8,6
4305603,6.7,6.2
4305702,6.2,5.8
4305801,6.2,6.7
4305835,-,-
4305850,-,-
4305871,6,6.1
4305900,5.3,5.1
4305934,7.2,7.8
4305959,7.1,6.6
4305975,5.8,5.6
4306007,6.6,6.7
4306056,4.9,4.7
4306072,5.9,6.1
4306106,5.4,5.5
4306130,-,-
4306205,5.9,6.4
4306304,7.6,7.6
4306320,5.3,6
4306353,-,-
4306379,4.6,-
4306403,6.6,6.7
4306429,5.6,5.7
4306452,7.8,8.1
4306502,5.9,6.1
4306551,-,-
4306601,5.3,5.3
4306700,5.3,5.5
4306734,6,5.4
4306759,5,7
4306767,5,4.7
4306809,6.5,6.8
4306908,5.5,5.7
4306924,4.6,-
4306932,6,5.9
4306957,6.8,6.5
4306973,4.6,5.1
4307005,6.5,6.6
4307054,5.6,5.9
4307104,5.2,5.5
4307203,6.2,5.5
4307302,5.9,-
4307401,5.3,-
4307450,5.8,6.6
4307500,6.1,6.4
4307559,7,6.9
4307609,6.4,6.6
4307708,5.7,5.9
4307807,5.9,6.3
4307815,6.2,5.7
4307831,5.6,5.5
4307864,7.5,7.1
4307906,7,7.2
4308003,6.2,6.6
4308052,6,-
4308078,5.9,6.2
4308102,6.5,6.5
4308201,7,7
4308250,-,-
4308300,5.7,6.3
4308409,4.9,5.8
4308433,6.5,6.4
4308458,6.9,6.5
4308508,6.3,6.7
4308607,6.6,6.4
4308656,6.3,6.1
4308706,6.9,7.6
4308805,5.1,5.3
4308854,6.2,6.2
4308904,6.7,6.7
4309001,6.3,6.6
4309050,5.7,6.1
4309100,6,6
4309159,5.7,6.2
4309209,5.5,5.7
4309258,5.5,-
4309308,5.5,5.6
4309407,6.5,6.4
4309506,5.7,6.3
4309555,6.5,7.1
4309571,6,5.6
4309605,6.5,6.4
4309654,5.6,5.6
4309704,6.7,6.6
4309753,6.4,-
4309803,6.2,6.7
4309902,5.9,6.1
4309951,5.2,5.7
4310009,6.3,6.2
4310108,7,6.8
4310207,6.6,6.9
4310306,7,7.6
4310330,5.3,5.6
4310363,7,6.5
4310405,6.2,6.1
4310413,4.3,5.9
4310439,6.6,7.2
4310462,6.4,7.1
4310504,6.4,5.8
4310538,6.4,5.5
4310553,5.7,4.8
4310579,5.2,-
4310603,5.2,5.3
4310652,-,-
4310702,6.6,7.2
4310751,5.5,6.5
4310801,7.1,7
4310850,5.6,6.8
4310876,4.9,5.5
4310900,6.8,7.2
4311007,5,5.5
4311106,5.7,5.8
4311122,5.5,5.7
4311130,-,-
4311155,6.2,6.5
4311205,5.7,5.3
4311239,6,-
4311254,6.3,6.5
4311270,-,7.2
4311304,5.9,5.8
4311403,6.2,6.4
4311429,5.7,5.2
4311502,5,5.2
4311601,-,6.3
4311627,6,6.6
4311643,-,7.5
4311700,6.6,6.8
4311718,4.9,4.9
4311734,5.5,6
4311759,5.1,5.4
4311775,5.3,5.5
4311791,6.3,-
4311809,6,6.3
4311908,6.6,-
4311981,4.3,-
4312005,7.1,7.2
4312054,6.5,6.1
4312104,6.2,6.3
4312138,5.5,-
4312153,6.4,6.6
4312179,-,6.2
4312203,6.1,6.3
4312252,5.7,5.6
4312302,5.7,5.7
4312351,7.3,7.2
4312377,5,-
4312385,-,-
4312401,5.7,5.7
4312427,7.7,6.9
4312443,6.6,7.5
4312450,5.9,5.7
4312476,7,6.5
4312500,5.1,5.5
4312609,5.5,6.1
4312617,5.7,6.7
4312625,5.6,-
4312658,5.8,6.4
4312674,6,6.6
4312708,6.7,6.5
4312757,7.6,7.2
4312807,6.5,6.4
4312906,6.5,6.7
4312955,6.8,6.7
4313003,6.6,7.5
4313011,6.9,6.5
4313037,6.6,6
4313060,5.9,6.3
4313086,6.9,6.6
4313102,6.2,6.5
4313201,6.8,7.2
4313300,6.4,6.5
4313334,7.2,-
4313359,6.8,7
4313375,5.2,5.5
4313409,5.9,6.2
4313425,6.7,6.3
4313441,6,5.7
4313466,6.5,6.2
4313490,6.2,-
4313508,5.9,6
4313607,6.1,6.7
4313656,5.4,4.9
4313706,5.5,5.7
4313805,6.9,6.7
4313904,6.3,6.4
4313953,6,5.6
4314001,6.7,6.7
4314027,5.3,5.7
4314035,6.4,5.7
4314050,6,6.3
4314068,-,5.8
4314076,-,7.3
4314100,5.6,5.7
4314134,6.3,6.1
4314159,5.5,5.7
4314175,5.2,-
4314209,4.5,4.5
4314308,6.5,6.6
4314407,5.1,5.2
4314423,7.3,8.3
4314456,6.2,6.5
4314464,5.6,5.8
4314472,6.5,6.9
4314498,7.7,7
4314506,5,4.9
4314548,-,6.8
4314555,-,7.5
4314605,5.4,6
4314704,6.2,6.6
4314753,-,6.7
4314779,5.5,5
4314787,-,-
4314803,5.7,5.8
4314902,4.9,5.1
4315008,7.2,7.1
4315057,5.4,5.7
4315073,-,-
4315107,6.7,6.7
4315131,-,6.9
4315149,-,-
4315156,6.5,6.2
4315172,5.8,6.4
4315206,5.8,6
4315305,5.7,6
4315313,6.4,4.9
4315321,5.5,6.2
4315354,6.9,6.9
4315404,5,5
4315453,6.2,6
4315503,5,5.3
4315552,5.7,-
4315602,5.2,5.3
4315701,5.3,5.6
4315750,6.7,6
4315800,5.6,5.6
4315909,6.8,6
4315958,6.5,-
4316006,6,6
4316105,6.4,7.2
4316204,6.7,6.5
4316303,6.7,6.9
4316402,4.9,5.2
4316428,6.2,7
4316436,6.8,6.5
4316451,5.3,5.8
4316477,7.1,6.7
4316501,6.6,7.1
4316600,6.1,6.1
4316709,5.8,5.8
4316733,-,6.7
4316758,6.2,6.4
4316808,6.2,6.3
4316907,5.7,5.7
4316956,6.8,6.4
4316972,5.6,-
4317004,5.3,5.3
4317103,5.2,5.2
4317202,6.3,6.5
4317251,7.5,-
4317301,5,5.1
4317400,6.1,6.5
4317509,5.7,5.8
4317558,5.5,6
4317608,5.9,6
4317707,5.7,5.6
4317756,7,7.1
4317806,6.2,6.8
4317905,6.4,6.8
4317954,6.8,6.7
4318002,5.3,5.7
4318051,6.2,6.9
4318101,5.9,5.9
4318200,5.3,5.7
4318309,5.1,4.9
4318408,5.4,5.4
4318424,6.2,6.3
4318432,-,-
4318440,6.3,6.8
4318457,5.1,6
4318465,6.5,4.8
4318481,6.7,6.3
4318507,5.2,5
4318606,5.6,6.7
4318614,5.3,6.6
4318622,5.5,6.4
4318705,5.3,5.4
4318804,5.7,5.6
4318903,6.1,6.1
4319000,6.6,6.5
4319109,6.4,6.5
4319125,-,4.7
4319158,6.5,6.2
4319208,5.2,5.8
4319307,6.6,6.1
4319356,6.9,7
4319364,-,4.2
4319372,6.1,7.3
4319406,6.2,6.3
4319505,5.8,5.6
4319604,5.4,5.8
4319703,7.5,6.7
4319711,6.7,6.9
4319737,3.2,4.3
4319752,6.6,7.1
4319802,6.1,5.9
4319901,6.4,6.4
4320008,5.5,5.8
4320107,6.1,6.2
4320206,6,6.2
4320230,6.4,5.8
4320263,5.6,6.4
4320305,6.7,6.2
4320321,6.6,-
4320354,5,5
4320404,6.3,6.8
4320453,-,-
4320503,6,6.4
4320552,6.7,5
4320578,-,-
4320602,7.5,7.9
4320651,6.2,-
4320677,5.6,5.6
4320701,5.8,6.5
4320800,5.6,6
4320859,5.5,5.9
4320909,6.5,6.5
4321006,7,7.5
4321105,5.5,5.4
4321204,5.7,5.8
4321303,5.7,5.8
4321329,7.2,7.3
4321352,5.4,5.7
4321402,5.9,6.1
4321436,5.5,5.3
4321451,6.3,6.6
4321469,6.9,6.2
4321477,6,6
4321493,-,-
4321501,6.3,6.2
4321600,5.5,5.6
4321626,7,6.8
4321634,6.9,7.3
4321667,6.2,6.3
4321709,6.5,6.5
4321808,6.1,6.1
4321832,6.5,5.5
4321857,6.7,6.2
4321907,6.3,6.4
4321956,6,6.4
4322004,5.1,5.5
4322103,6.7,6.6
4322152,-,5.3
4322186,6.5,6.5
4322202,5.6,5.9
4322251,6.9,6.7
4322301,6.8,6.3
4322327,6,5.3
4322343,-,-
4322350,-,-
4322376,6.3,6.7
4322400,5.3,5.5
4322509,5.4,5.6
4322525,-,6.4
4322533,5.4,6.1
4322541,5.8,6.4
4322558,5.5,6.4
4322608,6.1,6.4
4322707,6.5,6.5
4322806,6.4,7
4322855,6.4,7.6
4322905,7.4,7.2
4323002,5.1,5.6
4323101,5.2,5.2
4323200,6.6,6.2
4323309,6.2,6.5
4323358,6.2,6.8
4323408,6.2,6.8
4323457,5.9,5.5
4323507,6.1,6.5
4323606,7,5.9
4323705,-,5.2
4323754,6,-
4323770,6.8,7.3
4323804,5.4,5.4
5000203,6.1,5.9
5000252,5.6,5.3
5000609,5.5,6
5000708,4.4,4.7
5000807,5,5.7
5000856,5.7,6.6
5000906,6.1,6.2
5001003,6.3,6.2
5001102,4.8,4.8
5001243,5.1,5.8
5001508,5.3,5.2
5001904,5.8,6.2
5002001,5.9,5.6
5002100,5.6,5.3
5002159,5.1,4.9
5002209,5.2,5.4
5002308,5,5.4
5002407,5.5,5.7
5002605,5.2,5.2
5002704,5.7,5.7
5002803,5.6,5.4
5002902,5.2,5.3
5002951,5.3,5.4
5003108,5.4,5
5003157,4.7,5.3
5003207,4.6,5.1
5003256,6.1,6.5
5003306,5.5,5.4
5003454,5.2,5.1
5003488,4.7,5.1
5003504,5,4.8
5003702,5.6,5.2
5003751,5.1,5.3
5003801,5.4,5.8
5003900,5.9,5.8
5004007,5.9,5.8
5004106,5.8,5.6
5004304,5.1,5.5
5004403,5.7,5.9
5004502,5.2,5.5
5004601,5.6,5.4
5004700,5.3,5.6
5004809,5.7,-
5004908,4.5,4.5
5005004,5.5,5.3
5005103,6,5.4
5005152,4.6,4.5
5005202,4.4,4.7
5005251,5.2,5.3
5005400,5.5,5.4
5005608,4.5,4.5
5005681,5.4,5.4
5005707,6.3,6.2
5005806,5.6,5.4
5006002,5.4,5.6
5006200,6.9,6.9
5006259,5.4,5.4
5006275,5.6,5
5006309,5.4,5.2
5006358,5,5.4
5006408,5,5.1
5006606,5.8,5.8
5006903,4.8,4.7
5007109,4.9,5
5007208,5.3,5.5
5007307,5.4,5
5007406,5.3,5.3
5007505,6,5.4
5007554,4.6,5.1
5007695,5.9,6.1
5007703,5.1,5.3
5007802,5.4,5
5007901,5.1,4.9
5007935,5.7,6
5007950,4.3,4.3
5007976,6.1,6.5
5008008,5.7,5.9
5008305,6.1,6
5008404,5.6,5.2
5100102,5.1,5.6
5100201,6.2,6.2
5100250,5.9,5.7
5100300,6,6.5
5100359,-,5.3
5100409,5.9,5.4
5100508,4.8,4.5
5100607,5.8,6.1
5100805,6,6
5101001,5.2,4.9
5101209,5.5,-
5101258,6.1,5.9
5101308,5.4,5.9
5101407,5.4,5.6
5101605,5.5,4.7
5101704,5.4,5.2
5101803,5.8,5.6
5101852,5.5,5.2
5101902,5.4,5.7
5102504,5.2,5.1
5102603,5,4.8
5102637,5.8,5.8
5102678,6,6.3
5102686,5.9,6
5102694,4.8,4.9
5102702,5.5,5.3
5102793,5.5,5.4
5102850,5.1,5.2
5103007,5.4,5.2
5103056,5.9,6.1
5103106,5,-
5103205,6,5.9
5103254,5.8,5.4
5103304,5.7,5.5
5103353,5.5,5
5103361,5.9,5
5103379,5.8,5.7
5103403,5.6,5.6
5103437,6,5.4
5103452,5.6,5.5
5103502,5.7,5.4
5103601,5.5,5.8
5103700,5.4,5.5
5103809,5.9,5.2
5103858,5.5,5.8
5103908,5.1,5.2
5103957,6.1,5.9
5104104,6.3,6.2
5104203,5.5,5.8
5104500,4.9,4.3
5104526,6.1,6.5
5104542,6.5,6.8
5104559,5,5.6
5104609,6,5.7
5104807,6.2,5.9
5104906,4.3,4.2
5105002,6.2,6.5
5105101,6.1,6.2
5105150,5.8,5.4
5105176,6,5.4
5105200,5.8,5.8
5105234,4.7,5.4
5105259,6.5,6.5
5105309,5.4,5.3
5105507,-,4.5
5105580,5.8,5.8
5105606,6.9,6.4
5105622,5.9,5.7
5105903,5.3,5.5
5106000,5.7,5.8
5106109,5.4,4.7
5106158,6,5.9
5106174,4.9,-
5106182,5.6,5.4
5106190,5.8,5.7
5106208,5.5,5.3
5106216,5.6,5.7
5106224,6,5.9
5106232,5.9,5.9
5106240,5.5,5.5
5106257,5.2,5.9
5106265,5.8,6.2
5106273,5.9,6.4
5106281,5.9,5.9
5106299,5.3,6.2
5106307,6.1,6.1
5106315,5.7,4.9
5106372,5.8,5.7
5106422,5.6,5.2
5106455,6.4,5.8
5106505,4.6,4.4
5106653,5.2,6
5106703,5.9,-
5106752,5.5,5.6
5106778,5.1,5.2
5106802,6.5,6.7
5106828,5.3,5.6
5106851,5.5,5.5
5107008,6.2,5.6
5107040,5.8,5.9
5107065,6,6.1
5107107,6,5.8
5107156,5.5,5.4
5107180,5.2,5.2
5107198,7.3,6.6
5107206,5.3,5.4
5107248,6.5,6.2
5107263,-,5.8
5107297,4.5,4.8
5107305,6.2,6.3
5107354,5.6,5
5107404,5.6,5.5
5107578,5.8,-
5107602,6,6
5107701,4.4,4.8
5107743,4.8,5.1
5107750,5.7,5.8
5107768,6.6,6.5
5107776,5,4.9
5107792,5.5,5.7
5107800,5.3,5.3
5107859,4.5,4.6
5107875,5.7,5.7
5107883,4.2,4.3
5107909,5.8,5.9
5107925,6.1,6.1
5107941,5.9,5.9
5107958,6.1,6.1
5108006,5.9,5.9
5108055,6.3,6.3
5108105,6.1,5.1
5108204,6.1,6
5108303,5.7,6
5108352,-,-
5108402,5.4,5.6
5108501,5.9,5.9
5108600,5.1,5.1
5108808,6,5.4
5108857,6.2,6
5108907,6.3,6
5108956,6.7,6.7
5200050,6.1,5.9
5200100,5.2,5.8
5200134,6.2,6.4
5200159,4.7,5.2
5200175,5.3,4.5
5200209,5.9,6.4
5200258,5.6,5.4
5200308,5.5,5.8
5200506,6.9,6.9
5200555,6.6,6.5
5200605,4.9,5
5200803,5.5,6
5200829,6,4.8
5200852,5.7,6.2
5200902,6.9,6.6
5201108,6.3,6.3
5201207,-,5.6
5201306,7.4,7.5
5201405,5.6,5.6
5201454,5.6,5.2
5201504,7.1,6.1
5201603,6.9,6.8
5201702,6.2,5.9
5201801,5.3,5.7
5202155,5.7,5
5202353,5.8,5.7
5202502,7.4,7.2
5202601,6.4,6
5202809,6.8,6.9
5203104,-,6.1
5203203,6.4,7
5203302,5.8,6
5203401,6.2,6.4
5203500,6.3,6.3
5203559,5.7,5.7
5203575,5.8,5.4
5203609,5.5,6.3
5203807,5.9,6.3
5203906,6.6,6.8
5203939,6.7,6.7
5203962,-,5.7
5204003,5,5.7
5204102,5.5,6.3
5204201,6.8,6.6
5204250,6.5,6.5
5204300,6.2,5.9
5204409,6.1,6.3
5204508,5.9,6.1
5204557,5.4,5.8
5204607,6.7,6.7
5204656,5.6,5
5204706,6.3,6
5204805,6.1,5.6
5204854,5.3,5.4
5204904,5.3,5.9
5204953,5.7,6.2
5205000,6.2,5.8
5205059,5.2,5.1
5205109,6.6,6.3
5205208,5.8,5.7
5205307,4.4,4.7
5205406,6.8,6.7
5205455,5.9,5.5
5205471,6.7,6.4
5205497,5,5.3
5205513,5.8,6.3
5205521,5.5,5.3
5205703,6.9,6.9
5205802,5.9,6.3
5205901,7.3,7.1
5206206,5.7,5.5
5206305,5.4,5.2
5206404,5.8,6.1
5206503,6.9,6.5
5206602,6.5,6.7
5206701,5.2,6.4
5206800,6.5,7.1
5206909,-,5.8
5207105,6.8,6.3
5207253,5.5,5.9
5207352,5.8,6.1
5207402,6.7,6.7
5207501,6.1,6.7
5207535,5.5,5.3
5207600,7.4,6.3
5207808,7.5,7
5207907,4.7,4.7
5208004,5.2,5.4
5208103,7.4,6.6
5208152,5.1,5.9
5208301,4.9,5.8
5208400,5.9,5.9
5208509,6.5,6.9
5208608,7.1,7
5208707,5.9,6
5208806,5.7,5.7
5208905,6.5,6.3
5209101,5.9,5.9
5209150,5.9,5.9
5209200,6.2,5.9
5209291,5.5,5.4
5209408,5.4,5.1
5209457,5.9,5.6
5209606,6,5.8
5209705,5.1,5
5209804,6.6,6.7
5209903,4.9,5.1
5209937,6.1,6.2
5209952,6.1,6.6
5210000,6.3,6.3
5210109,6.3,6
5210158,7,7.4
5210208,6.9,7
5210307,5.8,5.8
5210406,6.9,7
5210562,6.6,6.8
5210604,6.6,6.6
5210802,5.9,6.6
5210901,6,6
5211008,5,5
5211206,6,6.2
5211305,6.6,7.2
5211404,7.6,6.8
5211503,7,6.9
5211602,6.3,7.1
5211701,6.6,6.5
5211800,6.6,6.6
5211909,5.8,6.2
5212006,6,5.7
5212055,6.5,7.2
5212105,6.2,5.9
5212204,6.5,6.6
5212253,7.3,6.2
5212303,5.2,4.7
5212501,5.7,6
5212600,6,7.5
5212709,5.1,4.8
5212808,5.8,6.2
5212907,6.5,6.3
5212956,5.2,5.1
5213004,6.3,6.2
5213053,4.8,4.8
5213087,6.2,6.2
5213103,6.5,6.6
5213400,-,6.4
5213509,4.6,4.7
5213707,6,6.6
5213756,6.1,6.2
5213772,5.4,6.5
5213806,6.6,6.6
5213855,6,-
5213905,7.1,7.4
5214002,5.6,5.7
5214051,5.8,6.2
5214101,6.1,5.6
5214408,6.1,6.6
5214507,5.8,6
5214606,5.8,5.9
5214705,5.8,6.6
5214804,6.8,6.2
5214838,5.1,5.6
5214861,6.2,5.9
5214879,6.3,6.6
5214903,5.2,5.4
5215009,5.8,6.2
5215207,6.2,6.6
5215231,5,4.9
5215256,4.9,6.2
5215306,6.6,6.5
5215405,6.2,6.5
5215504,6.9,7.1
5215603,5,5
5215652,6,5.8
5215702,6.2,6.4
5215801,6.1,5.7
5215900,7,6.7
5216007,5.8,6.3
5216304,7,6.8
5216403,6.1,6.4
5216452,6.6,5.4
5216809,6,6.1
5216908,5.5,5.2
5217104,6.2,6.2
5217203,6.2,6.3
5217302,5.6,5.8
5217401,5.8,5.9
5217609,5.2,5.2
5217708,6,6.3
5218003,5.5,5.1
5218052,6.1,6.5
5218102,5.1,6
5218300,6.5,7.1
5218391,6.6,7
5218508,6.7,6.9
5218607,6.4,6.4
5218706,6.8,6.8
5218789,5.4,5.6
5218805,7.1,7.3
5218904,7.2,7.2
5219001,7,6.7
5219100,6.9,6.9
5219209,5.5,6
5219258,6.7,6.2
5219308,6.1,6.2
5219357,6.3,6.4
5219407,6,5.7
5219456,7,7.4
5219506,6.9,7.2
5219605,6.1,5.7
5219704,5.9,6
5219712,6.4,6.2
5219738,6.3,6.3
5219753,4.6,4.7
5219803,5.4,5.6
5219902,7,6.1
5220009,4.7,5.2
5220058,6.4,6.9
5220108,6.4,6.6
5220157,6.3,5.4
5220207,6.4,6.9
5220264,4.7,5.9
5220280,6.4,5.8
5220405,6.4,6.5
5220454,5.6,5.5
5220504,5.5,5.8
5220603,6.1,6.3
5220686,5,5.3
5220702,5.5,5.1
5221007,6,5.6
5221080,4.8,5.2
5221197,5.4,5.9
5221304,6.5,7.4
5221403,5.8,6.3
5221452,5.4,5.5
5221502,6.3,6.1
5221551,5.7,6.2
5221577,5.3,5.5
5221601,6.4,6.4
5221700,6.5,6.8
5221809,6.5,5.6
5221858,5.2,5.5
5221908,5.3,6.1
5222005,6.4,6.6
5222054,6.7,6.4
5222203,5,5.2
5222302,7,-
5300108,6,6.1
